insert into categories (name) values ("shoes"),("clothes"),("accssories"),("snkrs");

insert into product_genders (name) values ("남성"),("여성"),("어린이");

insert into product_colors (name, color_hex) values
("연갈색","#F0E68C"),("검정색","#000000"),("파랑색","#3786D5"),
("갈색","#765439") ,("금색","#D5D606"),("회색","#737373"),
("녹색","#109300"),("쑥색","#7E7F01"),("남색","#3A4A75"),
("주황색", "#EB621D") , ("분홍색", "#EB008A"), ("보라색", "#693BB1"),
("빨강색", "#C50101"), ("은색", "#C4C4C4"), ("흰색", "#FFFFFF"),
("노란색", "#FCC200");

insert into product_sizes (name) values
("220"),("230"),("240"),("250"),("260"),("270"),("280"),("290"),("300"),("65(S)"),("70(M)"),("75(L)"),("80(XL)"),("80(S)"),("85(M)"),("90(L)"),("95(XL)"),("95(M)"),("100(L)"),("105(XL)"),("110(2XL)"),("FREE");

insert into sub_icon (name) values ("에어 포스 1"), ("나이키 에어맥스"),("데이브레이크"),("인피니티 런"),("블레이저"),("나이키 와플"),("나이키 크레이터 임팩트");

insert into sub_brand (name) values ("ACG"), ("Nike Lab"), ("나이키 스포츠웨어"), ("조던");

insert into sub_clothes (name) values ("베이스레이어 상의"),("베이스레이어 하의") , ("그래픽티"), ("저지"), ("조거"), ("브라");

insert into sub_accessories (name) values ("모자"),("가방"),("장갑");

insert into 
products
(style_code, name, category_id, gender_id,color_id,  normal_price, sale_rate, sale_price, is_member, sub_brand_id, sub_icon_id )
values
("AAA-0001", "나이키 에어포스 1 GORE-TEX", 1,1,10,"189000",null,null,false,3,1),
("AAA-0002", "나이키 에어 포스 1 EXPERIMENTAL", 1,1,2,"179000",null,null,true,3,1),
("AAA-0003", "나이키 에어 포스 1 '07 스켈레톤'", 1,1,12,"159000",null,null,false,3,1),
("AAA-0004","나이키 에어 포스 1 미드 '07",1,1,4,"179000",null,null,false,1,1),
("AAA-0005","나이키 에어 포스 1 넥스트 네이처",1,1,8,"219000",10,"197100",false,1,1),
("AAA-0006","나이키 에어 포스 1 '07 LV8",1,1,2,"139000",null,null,false,1,1),
("AAA-0007","나이키 에어 포스 1/1",1,1,16,"179000",30,"125300",false,2,1),
("AAA-0008","나이키 에어포스 1 '07 x 스페이스 잼: 새로운 시대",1,1,2,"159000",20, "127200",false, 2,1),
("AAA-0009","나이키 에어 포스 1 '07 프리미엄",1,1,1,"179000",null,null,false,2,1),
("AAA-0010","나이키 에어 포스 1 크레이터 플라이니트",1,1,6,"149000",20,"119200",false,4,1),
("AAB-0001","나이키 에어맥스 PRE-DAY",1,1,1,"169000",null,null,false,1,2),
("AAB-0002","나이키 에어맥스 GENOME",1,1,2,"199000",null,null,false,1,2),
("AAB-0003","나이키 에어맥스 AP",1,1,6,"119000",null,null,false,1,2),
("AAB-0004","나이키 에어맥스 97 SE",1,1,9,"209000",null,null,false,2,2),
("AAB-0005","나이키 에어맥스 90 NRG",1,1,12,"169000",null,null,false,2,2),
("AAB-0006","나이키 에어맥스 2021",1,1,6,"189000",null,null,false, 2,2),
("AAB-0007","나이키 에어맥스 2021",1,1,2,"189000",null,null,false,2,2),
("AAB-0008","나이키 에어 베이퍼맥스 2021 플라이니트",1,1,6,"239000",null,null,false,3,2),
("AAB-0009","나이키 에어맥스 알파 트레이너 3",1,1,2,"99000",null,null,false,3,2),
("AAB-0010","나이키 에어맥스 270 G",1,1,3,"199000",null,null,false,4,2),
("AAC-0001","나이키 데이브레이크-타입",1,1,1,"119000",35,"77400",false,1,3),
("AAC-0002","나이키 데이브레이크-타입",1,1,10,"109000",35,"70900",false,1,3),
("AAC-0003","나이키 데이브레이크-타입",1,1,2,"109000",35,"70900",false,1,3),
("AAC-0004","나이키 데이브레이크",1,1,6,"119000",35,"77400",false,2,3),
("AAC-0005","나이키 데이브레이크",1,1,15,"129000",null,null,false,2,3),
("AAC-0006","나이키 데이브레이크",1,1,4,"119000",35,"77400",false,4,3),
("AAD-0001","나이키 리액트 인피니티 런 플라이니트 2", 1,1,6,"179000",null,null,true,2,4),
("AAD-0002","나이키 리액트 인피니티 프로",1,1,2,"159000",10,"143100",false,1,4),
("AAD-0003","나이키 리액트 인피니티 런 플라이니트 2 비트루",1,1,6,"179000",20,"143200",false,3,4),
("AAD-0004","나이키 리액트 인피니티 프로",1,1,15,"159000",null,null,false,1,4),
("AAD-0005","나이키 리액트 인피니티 런 플라이니트 2",1,1,2,"179000",20,"143200",false,2,4),
("AAD-0006","나이키 리액트 인피니티 런 플라이니트 2",1,1,8,"179000",30,"125300",false,2,4),
("AAD-0007","나이키 리액트 인피니티 런 플라이니트 2",1,1,6,"179000",10,"161100",false,2,4),
("AAD-0008","나이키 에어 줌 인피니티 투어",1,1,15,"229000",20,"183200",true,3,4),
("AAD-0009","나이키 에어 줌 인피니티 투어 쉴드",1,1,3,"239000",10,"215100",false,3,4),
("AAD-0010","나이키 에어 줌 인피니티 투어 보아",1,1,2,"259000",20,"207200",false,4,4),
("AAE-0001","나이키 블레이저 로우 '77 빈티지",1,1,3,"99000",20,"79200",false,1,5),
("AAE-0002","나이키 SB 줌 블레이저 미드 프리미엄", 1,1,11,"139000",null,null,true, 1,5),
("AAE-0003","나이키 블레이저 로우 x sacai x KAWS",1,1,12,"169000",null,null,false,1,5),
("AAE-0004","나이키 블레이저 미드 '77 점보",1,1,13,"129000",null,null,false,2,5),
("AAE-0005","나이키 블레이저 로우 '77 빈티지 비트루",1,1,11,"119000",null,null,false,2,5),
("AAE-0006","나이키 블레이저 미드 '77", 1,1,9,"129000",30,"90300",false,2,5),
("AAE-0007","나이키 블레이저 미드 '77", 1,1,15,"129000",20,"103200",false, 3,5),
("AAE-0008","나이키 블레이저 미드 '77",1,1,5,"129000",20,"103200",false,3,5),
("AAE-0009","나이키 블레이저 로우 '77 빈티지",1,1,13,"99000",null,null,false,3,5),
("AAE-0010","나이키 SB 줌 블레이저 미드 엣지",1,1,11,"119000",20,"95200",false,4,5),

("ABA-0001","나이키 에어 포스 1 픽셀",1,2,11,"139000",35,"90400",true,1,1),
("ABA-0002","나이키 에어 포스 1 크레이터 플라이니트",1,2,12,"149000",35,"96900",FALSE,1,1),
("ABA-0003","나이키 에어 포스 1 크레이터 플라이니트",1,2,11,"149000",NULL,NULL,FALSE,4,1),
("ABA-0004","나이키 에어 포스 1 `07 LX",1,2,7,"149000",NULL,NULL,FALSE,2,1),
("ABA-0005","나이키 에어 포스 1 `07 LXX 넥스트 네이처",1,2,1,"149000",NULL,NULL,FALSE,3,1),
("ABB-0001","나이키 에어맥스 97",1,2,15,"199000",NULL,NULL,FALSE,1,2),
("ABB-0002","나이키 에어맥스 퓨리오사",1,2,13,"179000",NULL,NULL,FALSE,2,2),
("ABB-0003","나이키 에어맥스 던",1,2,2,"129000",NULL,NULL,FALSE,3,2),
("ABB-0004","나이키 에어맥스 PRE-DAY",1,2,5,"169000",NULL,NULL,TRUE,4,2),
("ABB-0005","나이키 에어맥스 PRE-DAY LX",1,2,7,"169000",NULL,NULL,FALSE,1,2),
("ABC-0001","나이키 데이브레이크",1,2,15,"119000",NULL,NULL,FALSE,1,3),
("ABC-0002","나이키 데이브레이크-타입",1,2,15,"109000",45,"60000",FALSE,2,3),
("ABC-0003","나이키 데이브레이크",1,2,2,"119000",35,"77400",FALSE,3,3),
("ABC-0004","나이키 데이브레이크 SE",1,2,15,"129000",NULL,NULL,FALSE,4,3),
("ABC-0005","나이키 데이브레이크",1,2,4,"119000",35,"77400",FALSE,1,3),
("ABD-0001","나이키 리액트 인피니티 런 플라이니트 2",1,2,2,"179000",NULL,NULL,FALSE,1,4),
("ABD-0002","나이키 리액트 인피니티 런 플라이니트 2 비트루",1,2,6,"179000",20,"143200",FALSE,2,4),
("ABD-0003","나이키 리액트 인피니티 런 플라이니트 2",1,2,15,"179000",NULL,NULL,FALSE,3,4),
("ABD-0004","나이키 에어 줌 인피니티 투어 보아",1,2,2,"259000",NULL,NULL,FALSE,4,4),
("ABD-0005","나이키 리액트 인피니티 런 플라이니트 2",1,2,12,"179000",10,"161100",TRUE,1,4),
("ABE-0001","나이키 블레이저 로우 플랫폼",1,2,3,"129000",NULL,NULL,FALSE,1,5),
("ABE-0002","나이키 블레이저 미드 '77 SE",1,2,1,"129000",NULL,NULL,FALSE,2,5),
("ABE-0003","나이키 블레이저 로우 '77 빈티지",1,2,9,"99000",20,"79200",FALSE,3,5),
("ABE-0004","나이키 블레이저 미드 '77 LX",1,2,2,"139000",NULL,NULL,TRUE,4,5),
("ABE-0005","나이키 블레이저 로우 플랫폼",1,2,15,"139000",NULL,NULL,FALSE,1,5),

("ACA-0001","나이키 에어 포스 1 크레이터",1,3,7,"109000",30,"76300",TRUE,1,1),
("ACA-0002","나이키 에어 포스 1/1",1,3,2,"139000",NULL,NULL,FALSE,2,1),
("ACA-0003","나이키 에어 포스 1 크레이터",1,3,15,"109000",NULL,NULL,FALSE,3,1),
("ACA-0004","나이키 에어 포스 1 '06 x 스페이스 잼: 새로운 시대",1,3,2,"139000",20,"111200",FALSE,4,1),
("ACB-0001","나이키 에어맥스 던",1,3,2,"119000",NULL,NULL,FALSE,1,2),
("ACB-0002","나이키 에어맥스 95 리크래프트",1,3,15,"169000",10,"152100",TRUE,2,2),
("ACB-0003","나이키 에어맥스 던",1,3,1,"119000",NULL,NULL,FALSE,4,2),
("ACC-0001","나이키 블레이저 미드 '77 SE D",1,3,15,"109000",NULL,NULL,FALSE,1,3),
("ACC-0002","나이키 블레이저 미드 '77 SE D",1,3,6,"109000",NULL,NULL,FALSE,2,3),
("ACC-0003","나이키 블레이저 로우 '77",1,3,15,"89000",NULL,NULL,FALSE,3,3),
("ACD-0001","나이키 와플 트레이너 2",1,3,2,"89000",30,"62300",true,1,4),
("ACD-0002","나이키 와플 원",1,3,2,"109000",NULL,NULL,FALSE,2,4),
("ACD-0003","나이키 와플 원",1,3,1,"109000",35,"70900",FALSE,3,4),
("ACE-0001","나이키 크레이터 임팩트",1,3,2,"99000",10,"89100",true,1,5),
("ACE-0002","나이키 크레이터 임팩트",1,3,7,"99000",30,"69300",FALSE,4,5),
("ACE-0003","나이키 크레이터 임팩트",1,3,12,"99000",30,"69300",false,3,5);

INSERT INTO 
  products 
  (style_code,name,category_id,color_id,gender_id,normal_price,sale_rate,sale_price,is_member,sub_brand_id,sub_clothes_id)
VALUES
  ("BAA-0001", "나이키 리펠 베이퍼", 2,2,1,"135000",NULL,NULL,FALSE,2,3),
  ("BAA-0002", "나이키 ACG 긴팔 티셔츠", 2,8,1,"49000",NULL,NULL,TRUE,2,3),
  ("BAA-0003", "나이키 ACG Iceland", 2,2,1,"49000",NULL,NULL,FALSE,1,3),
  ("BAA-0004", "나이키 ACG Glacier", 2,2,1,"49000",NULL,NULL,FALSE,1,3),
  ("BAA-0005", "나이키 ACG Trolls", 2,10,1,"135000",NULL,NULL,FALSE,2,3),

  ("BAB-0001", "나이키 프로 드라이 핏 긴팔 탑 AS", 2,15,1,"45000",NULL,NULL,TRUE,3,1),
  ("BAB-0002", "나이키 프로 드라이 핏 모크넥 긴팔 AS", 2,2,1,"45000",NULL,NULL,FALSE,3,1),
  ("BAB-0003", "나이키 프로 웜 남성 긴팔 탑 AS", 2,2,1,"45000",NULL,NULL,FALSE,3,1),
  ("BAB-0004", "나이키 프로 드라이 핏 타이트 긴팔 탑 AS", 2,2,1,"45000",10,"40500",FALSE,3,1),
  ("BAB-0005", "나이키 프로 드라이 핏 타이트 반팔 탑 AS", 2,15,1,"39000",10,"35100",FALSE,3,1),
  ("BAB-0006", "나이키 프로 드라이 핏 타이트 반팔 탑 AS", 2,2,1,"31500",NULL,NULL,TRUE,3,1),
  ("BAB-0007", "나이키 프로 드라이 핏 긴팔 탑 AS", 2,2,1,"35500",NULL,NULL,TRUE,3,1),

  ("BAC-0001", "나이키 프로 드라이 핏 남성 쇼츠 AS", 2,2,1,"45000",NULL,NULL,FALSE,4,2),
  ("BAC-0002", "나이키 프로 드라이 핏 3/4 타이츠 AS", 2,2,1,"49000",NULL,NULL,TRUE,4,2),
  ("BAC-0003", "나이키 요가 드라이 핏 인피날론 쇼츠 AS", 2,2,1,"69000",35,"44900",FALSE,3,2),


  ("BAD-0001", "리버풀 FC 2021/22 스타디움 써드", 2,16,1,"83300",NULL,NULL,FALSE,3,4),
  ("BAD-0002", "인터밀란 2021/22 스타디움 써드", 2,2,1,"83300",NULL,NULL,FALSE,3,4),
  ("BAD-0003", "파리 생제르맹 2021/22 스타디움 써드", 2,15,1,"83300",NULL,NULL,TRUE,4,4),
  ("BAD-0004", "FC 바르셀로나 2021/22 스타디움 써드", 2,3,1,"83300",NULL,NULL,FALSE,3,4),
  ("BAD-0005", "첼시 FC 2021/22 스타디움 써드", 2,7,1,"83300",NULL,NULL,FALSE,3,4),


  ("BAE-0001", "나이키 스포츠웨어 남성 플리스 조거 팬츠 AS", 2,2,1,"85000",NULL,NULL,TRUE,3,5),
  ("BAE-0002", "나이키 스포츠웨어 에센셜 플리스 조거 팬츠 AS", 2,2,1,"75000",NULL,NULL,FALSE,3,5),
  ("BAE-0003", "나이키 스포츠웨어 Arch 플리스 테리 조거 팬츠 AS", 2,1,1,"85000",NULL,NULL,FALSE,3,5),
  ("BAE-0004", "나이키 테이퍼드 트레이닝 팬츠 AS", 2,6,1,"65000",NULL,NULL,FALSE,2,5),
  ("BAE-0005", "나이키 스포츠웨어 테크 에센셜 트리뷰트 팬츠", 2,9,1,"89000",NULL,NULL,TRUE,4,5),



  ("BBA-0001", "나이키 ACG 드라이 핏 ADV", 2,6,2,"99000",NULL,NULL,TRUE,1,3),
  ("BBA-0002", "나이키 ACG 반팔 티셔츠", 2,7,2,"49000",NULL,NULL,FALSE,1,3),
  ("BBA-0003", "나이키 ACG 반팔 티셔츠", 2,13,2,"49000",NULL,NULL,FALSE,1,3),
  ("BBA-0004", "나이키 요가 럭스 골지 커버업 긴팔 탑 AS", 2,14,2,"99000",NULL,NULL,FALSE,2,3),
  ("BBA-0005", "NikeLab 솔로 스우시 반팔 티셔츠", 2,2,2,"45000",NULL,NULL,FALSE,2,3),
  ("BBA-0006", "NikeLab 솔로 스우시 반팔 티셔츠", 2,15,2,"45000",NULL,NULL,FALSE,2,3),

  ("BBB-0001", "나이키 스우시 퓨추라 브라 AS", 2,6,2,"39000",45,"21500",FALSE,3,1),

  ("BBC-0001", "나이키 프로 365 5인치 쇼츠 AS", 2,2,2,"45000",10,"40500",TRUE,3,2),

  ("BBD-0001", "나이키 스포츠웨어 여성 골지 긴팔 저지 AS", 2,1,2,"75000",NULL,NULL,FALSE,3,4),
  ("BBD-0002", "나이키 스포츠웨어 여성 골지 긴팔 저지 AS", 2,2,2,"75000",NULL,NULL,FALSE,3,4),

  ("BBE-0001", "나이키 요가 드라이 핏 7/8 플리스 조거 팬츠", 2,2,2,"79000",NULL,NULL,TRUE,2,5),
  ("BBE-0002", "나이키 스포츠웨어 리펠 에센셜", 2,2,2,"109000",NULL,NULL,FALSE,3,5),
  ("BBE-0003", "나이키 요가 드라이 핏 7/8 플리스 조거 팬츠", 2,6,2,"79000",NULL,NULL,FALSE,2,5),
  ("BBE-0004", "나이키 스포츠웨어 스우시 하이라이즈 조거 팬츠", 2,5,2,"85000",NULL,NULL,FALSE,3,5),

  ("BCA-0001", "나이키 x 스페이스 잼 : 새로운 시대", 2,15,3,"39000",NULL,NULL,TRUE,4,3),
  ("BCA-0002", "나이키 x 스페이스 잼 : 새로운 시대", 2,2,3,"39000",NULL,NULL,FALSE,4,3),
  ("BCA-0003", "나이키 x 스페이스 잼 : 새로운 시대", 2,3,3,"39000",NULL,NULL,FALSE,4,3),
  ("BCA-0004", "나이키 스포츠웨어 클럽 플리스 LBR", 2,11,3,"49000",NULL,NULL,FALSE,3,3),

  ("BCB-0001", "나이키 프로 드라이 핏 주니어 긴팔 탑", 2,2,3,"49000",10,"44100",FALSE,3,1),
  
  ("BCC-0001", "나이키 드라이 핏 x 스페이스 잼 : 새로운 시대", 2,12,3,"85000",NULL,NULL,FALSE,4,2),
  
  ("BCD-0001", "나이키 x 스페이스 잼 : 새로운 시대 저지", 2,3,3,"85000",NULL,NULL,TRUE,3,4),
  ("BCD-0002", "토트넘 홋스퍼 2021/22 스타디움 홈 저지", 2,15,3,"109000",NULL,NULL,FALSE,3,4),
  ("BCD-0003", "FC 바르셀로나 2021/22 스타디움 홈 저지", 2,12,3,"109000",NULL,NULL,FALSE,3,4); 

  insert into 
products
(style_code, name, category_id, gender_id, normal_price, sale_rate, sale_price, is_member, sub_accessories_id )
values
("CAA-0001","나이키 헤이워드 2.0",3,1,"75000",NULL,NULL,FALSE,2),
("CAA-0002","나이키 유틸리티 스피드",3,1,"89000",NULL,NULL,TRUE,2),
("CAA-0003","나이키 SB 코트하우스",3,1,"65000",NULL,NULL,FALSE,2),
("CAB-0001","조던 프로 잉곳",3,1,"39000",NULL,NULL,FALSE,1),
("CAB-0002","나이키 ACG 웜",3,1,"59000",NULL,NULL,FALSE,1),
("CAB-0003","나이키 ACG",3,1,"45000",NULL,NULL,FALSE,1),
("CAC-0001","나이키 골키퍼 매치",3,1,"39000",25,"29300",TRUE,3),
("CAC-0002","나이키 콜드 웨더",3,1,"39000",20,"31200",TRUE,3),
("CAC-0003","나이키 듀라필 4",3,1,"19000",20,"15200",FALSE,3),

("CBA-0001","나이키 헤리티지",3,2,"29000",NULL,NULL,TRUE,2),
("CBA-0002","나이키 헤리티지 힙색",3,2,"29000",30,"20300",FALSE,2),
("CBA-0003","나이키 원 럭스",3,2,"169000",10,"152100",FALSE,2),
("CBB-0001","나이키 스포츠웨어 헤리티지86 퓨추라",3,2,"29000",NULL,NULL,FALSE,1),
("CBB-0002","나이키 스포츠웨어 헤리티지 캡",3,2,"29000",NULL,NULL,FALSE,1),
("CBB-0003","나이키 스포츠웨어 워싱 캡",3,2,"31000",NULL,NULL,TRUE,1),
("CBC-0001","나이키 골키퍼 매치",3,2,"39000",30,"27300",FALSE,3),
("CBC-0002","나이키 투어 클래식 3",3,2,"35000",20,"28000",TRUE,3),
("CBC-0003","나이키 TC3",3,2,"35000",20,"28000",FALSE,3),

("CCA-0001","나이키 엘리멘탈",3,3,"39000",NULL,NULL,TRUE,2),
("CCA-0002","나이키 엘리멘탈 V",3,3,"42000",NULL,NULL,TRUE,2),
("CCA-0003","나이키 탄준",3,3,"39000",10,"35100",FALSE,2),
("CCB-0001","나이키 윈터라이즈드",3,3,"31000",NULL,NULL,FALSE,1),
("CCB-0002","나이키 비니",3,3,"24000",NULL,NULL,FALSE,1),
("CCB-0003","나이키 헤리티지86 퓨추라",3,3,"29000",NULL,NULL,FALSE,1),
("CCC-0001","나이키 주니어 골키퍼 매치",3,3,"29000",25,"21800",FALSE,3),
("CCC-0002","조던 점프맨 패치",3,3,"45000",20,"36000",FALSE,3);

INSERT INTO 
  snkrs
  (style_code,name,category_id,color_id,gender_id,price)
VALUES
  ("DAA-0001", "나이키 에어 디올 로우", 4,14,1,"2700000"),
  ("DAA-0002", "나이키 에어 디올 하이", 4,14,1,"3000000"),
  ("DAA-0003", "조던1 x 트래비스 스캇 x 프라그먼트 OG 하이", 4,15,1,"189000"),
  ("DAA-0004", "조던1 x 오프화이트 레트로 하이 시카고", 4,15,1,"239000");

  insert into
product_with_sizes
(style_code,product_size_id,quantity)
values
("AAA-0001",1,80),
("AAA-0001",2,80),
("AAA-0001",3,80),
("AAA-0001",4,80),
("AAA-0001",5,80),
("AAA-0001",6,80),
("AAA-0001",7,80),
("AAA-0001",8,80),
("AAA-0001",9,80),
("AAA-0002",1,80),
("AAA-0002",2,80),
("AAA-0002",3,80),
("AAA-0002",4,80),
("AAA-0002",5,80),
("AAA-0002",6,80),
("AAA-0002",7,80),
("AAA-0002",8,80),
("AAA-0002",9,80),
("AAA-0003",1,80),
("AAA-0003",2,80),
("AAA-0003",3,80),
("AAA-0003",4,80),
("AAA-0003",5,80),
("AAA-0003",6,80),
("AAA-0003",7,80),
("AAA-0003",8,80),
("AAA-0003",9,80),
("AAA-0004",1,80),
("AAA-0004",2,80),
("AAA-0004",3,80),
("AAA-0004",4,80),
("AAA-0004",5,80),
("AAA-0004",6,80),
("AAA-0004",7,80),
("AAA-0004",8,80),
("AAA-0004",9,80),
("AAA-0005",1,80),
("AAA-0005",2,80),
("AAA-0005",3,80),
("AAA-0005",4,80),
("AAA-0005",5,80),
("AAA-0005",6,80),
("AAA-0005",7,80),
("AAA-0005",8,80),
("AAA-0005",9,80),
("AAA-0006",1,80),
("AAA-0006",2,80),
("AAA-0006",3,80),
("AAA-0006",4,80),
("AAA-0006",5,80),
("AAA-0006",6,80),
("AAA-0006",7,80),
("AAA-0006",8,80),
("AAA-0006",9,80),
("AAA-0007",1,80),
("AAA-0007",2,80),
("AAA-0007",3,80),
("AAA-0007",4,80),
("AAA-0007",5,80),
("AAA-0007",6,80),
("AAA-0007",7,80),
("AAA-0007",8,80),
("AAA-0007",9,80),
("AAA-0008",1,80),
("AAA-0008",2,80),
("AAA-0008",3,80),
("AAA-0008",4,80),
("AAA-0008",5,80),
("AAA-0008",6,80),
("AAA-0008",7,80),
("AAA-0008",8,80),
("AAA-0008",9,80),
("AAA-0009",1,80),
("AAA-0009",2,80),
("AAA-0009",3,80),
("AAA-0009",4,80),
("AAA-0009",5,80),
("AAA-0009",6,80),
("AAA-0009",7,80),
("AAA-0009",8,80),
("AAA-0009",9,80),
("AAA-0010",1,80),
("AAA-0010",2,80),
("AAA-0010",3,80),
("AAA-0010",4,80),
("AAA-0010",5,80),
("AAA-0010",6,80),
("AAA-0010",7,80),
("AAA-0010",8,80),
("AAA-0010",9,80),
("AAB-0001",1,80),
("AAB-0001",2,80),
("AAB-0001",3,80),
("AAB-0001",4,80),
("AAB-0001",5,80),
("AAB-0001",6,80),
("AAB-0001",7,80),
("AAB-0001",8,80),
("AAB-0001",9,80),
("AAB-0002",1,80),
("AAB-0002",2,80),
("AAB-0002",3,80),
("AAB-0002",4,80),
("AAB-0002",5,80),
("AAB-0002",6,80),
("AAB-0002",7,80),
("AAB-0002",8,80),
("AAB-0002",9,80),
("AAB-0003",1,80),
("AAB-0003",2,80),
("AAB-0003",3,80),
("AAB-0003",4,80),
("AAB-0003",5,80),
("AAB-0003",6,80),
("AAB-0003",7,80),
("AAB-0003",8,80),
("AAB-0003",9,80),
("AAB-0004",1,80),
("AAB-0004",2,80),
("AAB-0004",3,80),
("AAB-0004",4,80),
("AAB-0004",5,80),
("AAB-0004",6,80),
("AAB-0004",7,80),
("AAB-0004",8,80),
("AAB-0004",9,80),
("AAB-0005",1,80),
("AAB-0005",2,80),
("AAB-0005",3,80),
("AAB-0005",4,80),
("AAB-0005",5,80),
("AAB-0005",6,80),
("AAB-0005",7,80),
("AAB-0005",8,80),
("AAB-0005",9,80),
("AAB-0006",1,80),
("AAB-0006",2,80),
("AAB-0006",3,80),
("AAB-0006",4,80),
("AAB-0006",5,80),
("AAB-0006",6,80),
("AAB-0006",7,80),
("AAB-0006",8,80),
("AAB-0006",9,80),
("AAB-0007",1,80),
("AAB-0007",2,80),
("AAB-0007",3,80),
("AAB-0007",4,80),
("AAB-0007",5,80),
("AAB-0007",6,80),
("AAB-0007",7,80),
("AAB-0007",8,80),
("AAB-0007",9,80),
("AAB-0008",1,80),
("AAB-0008",2,80),
("AAB-0008",3,80),
("AAB-0008",4,80),
("AAB-0008",5,80),
("AAB-0008",6,80),
("AAB-0008",7,80),
("AAB-0008",8,80),
("AAB-0008",9,80),
("AAB-0009",1,80),
("AAB-0009",2,80),
("AAB-0009",3,80),
("AAB-0009",4,80),
("AAB-0009",5,80),
("AAB-0009",6,80),
("AAB-0009",7,80),
("AAB-0009",8,80),
("AAB-0009",9,80),
("AAB-0010",1,80),
("AAB-0010",2,80),
("AAB-0010",3,80),
("AAB-0010",4,80),
("AAB-0010",5,80),
("AAB-0010",6,80),
("AAB-0010",7,80),
("AAB-0010",8,80),
("AAB-0010",9,80),
("AAC-0001",1,80),
("AAC-0001",2,80),
("AAC-0001",3,80),
("AAC-0001",4,80),
("AAC-0001",5,80),
("AAC-0001",6,80),
("AAC-0001",7,80),
("AAC-0001",8,80),
("AAC-0001",9,80),
("AAC-0002",1,80),
("AAC-0002",2,80),
("AAC-0002",3,80),
("AAC-0002",4,80),
("AAC-0002",5,80),
("AAC-0002",6,80),
("AAC-0002",7,80),
("AAC-0002",8,80),
("AAC-0002",9,80),
("AAC-0003",1,80),
("AAC-0003",2,80),
("AAC-0003",3,80),
("AAC-0003",4,80),
("AAC-0003",5,80),
("AAC-0003",6,80),
("AAC-0003",7,80),
("AAC-0003",8,80),
("AAC-0003",9,80),
("AAC-0004",1,80),
("AAC-0004",2,80),
("AAC-0004",3,80),
("AAC-0004",4,80),
("AAC-0004",5,80),
("AAC-0004",6,80),
("AAC-0004",7,80),
("AAC-0004",8,80),
("AAC-0004",9,80),
("AAC-0005",1,80),
("AAC-0005",2,80),
("AAC-0005",3,80),
("AAC-0005",4,80),
("AAC-0005",5,80),
("AAC-0005",6,80),
("AAC-0005",7,80),
("AAC-0005",8,80),
("AAC-0005",9,80),
("AAC-0006",1,80),
("AAC-0006",2,80),
("AAC-0006",3,80),
("AAC-0006",4,80),
("AAC-0006",5,80),
("AAC-0006",6,80),
("AAC-0006",7,80),
("AAC-0006",8,80),
("AAC-0006",9,80),
("AAD-0001",1,80),
("AAD-0001",2,80),
("AAD-0001",3,80),
("AAD-0001",4,80),
("AAD-0001",5,80),
("AAD-0001",6,80),
("AAD-0001",7,80),
("AAD-0001",8,80),
("AAD-0001",9,80),
("AAD-0002",1,80),
("AAD-0002",2,80),
("AAD-0002",3,80),
("AAD-0002",4,80),
("AAD-0002",5,80),
("AAD-0002",6,80),
("AAD-0002",7,80),
("AAD-0002",8,80),
("AAD-0002",9,80),
("AAD-0003",1,80),
("AAD-0003",2,80),
("AAD-0003",3,80),
("AAD-0003",4,80),
("AAD-0003",5,80),
("AAD-0003",6,80),
("AAD-0003",7,80),
("AAD-0003",8,80),
("AAD-0003",9,80),
("AAD-0004",1,80),
("AAD-0004",2,80),
("AAD-0004",3,80),
("AAD-0004",4,80),
("AAD-0004",5,80),
("AAD-0004",6,80),
("AAD-0004",7,80),
("AAD-0004",8,80),
("AAD-0004",9,80),
("AAD-0005",1,80),
("AAD-0005",2,80),
("AAD-0005",3,80),
("AAD-0005",4,80),
("AAD-0005",5,80),
("AAD-0005",6,80),
("AAD-0005",7,80),
("AAD-0005",8,80),
("AAD-0005",9,80),
("AAD-0006",1,80),
("AAD-0006",2,80),
("AAD-0006",3,80),
("AAD-0006",4,80),
("AAD-0006",5,80),
("AAD-0006",6,80),
("AAD-0006",7,80),
("AAD-0006",8,80),
("AAD-0006",9,80),
("AAD-0007",1,80),
("AAD-0007",2,80),
("AAD-0007",3,80),
("AAD-0007",4,80),
("AAD-0007",5,80),
("AAD-0007",6,80),
("AAD-0007",7,80),
("AAD-0007",8,80),
("AAD-0007",9,80),
("AAD-0008",1,80),
("AAD-0008",2,80),
("AAD-0008",3,80),
("AAD-0008",4,80),
("AAD-0008",5,80),
("AAD-0008",6,80),
("AAD-0008",7,80),
("AAD-0008",8,80),
("AAD-0008",9,80),
("AAD-0009",1,80),
("AAD-0009",2,80),
("AAD-0009",3,80),
("AAD-0009",4,80),
("AAD-0009",5,80),
("AAD-0009",6,80),
("AAD-0009",7,80),
("AAD-0009",8,80),
("AAD-0009",9,80),
("AAD-0010",1,80),
("AAD-0010",2,80),
("AAD-0010",3,80),
("AAD-0010",4,80),
("AAD-0010",5,80),
("AAD-0010",6,80),
("AAD-0010",7,80),
("AAD-0010",8,80),
("AAD-0010",9,80),
("AAE-0001",1,80),
("AAE-0001",2,80),
("AAE-0001",3,80),
("AAE-0001",4,80),
("AAE-0001",5,80),
("AAE-0001",6,80),
("AAE-0001",7,80),
("AAE-0001",8,80),
("AAE-0001",9,80),
("AAE-0002",1,80),
("AAE-0002",2,80),
("AAE-0002",3,80),
("AAE-0002",4,80),
("AAE-0002",5,80),
("AAE-0002",6,80),
("AAE-0002",7,80),
("AAE-0002",8,80),
("AAE-0002",9,80),
("AAE-0003",1,80),
("AAE-0003",2,80),
("AAE-0003",3,80),
("AAE-0003",4,80),
("AAE-0003",5,80),
("AAE-0003",6,80),
("AAE-0003",7,80),
("AAE-0003",8,80),
("AAE-0003",9,80),
("AAE-0004",1,80),
("AAE-0004",2,80),
("AAE-0004",3,80),
("AAE-0004",4,80),
("AAE-0004",5,80),
("AAE-0004",6,80),
("AAE-0004",7,80),
("AAE-0004",8,80),
("AAE-0004",9,80),
("AAE-0005",1,80),
("AAE-0005",2,80),
("AAE-0005",3,80),
("AAE-0005",4,80),
("AAE-0005",5,80),
("AAE-0005",6,80),
("AAE-0005",7,80),
("AAE-0005",8,80),
("AAE-0005",9,80),
("AAE-0006",1,80),
("AAE-0006",2,80),
("AAE-0006",3,80),
("AAE-0006",4,80),
("AAE-0006",5,80),
("AAE-0006",6,80),
("AAE-0006",7,80),
("AAE-0006",8,80),
("AAE-0006",9,80),
("AAE-0007",1,80),
("AAE-0007",2,80),
("AAE-0007",3,80),
("AAE-0007",4,80),
("AAE-0007",5,80),
("AAE-0007",6,80),
("AAE-0007",7,80),
("AAE-0007",8,80),
("AAE-0007",9,80),
("AAE-0008",1,80),
("AAE-0008",2,80),
("AAE-0008",3,80),
("AAE-0008",4,80),
("AAE-0008",5,80),
("AAE-0008",6,80),
("AAE-0008",7,80),
("AAE-0008",8,80),
("AAE-0008",9,80),
("AAE-0009",1,80),
("AAE-0009",2,80),
("AAE-0009",3,80),
("AAE-0009",4,80),
("AAE-0009",5,80),
("AAE-0009",6,80),
("AAE-0009",7,80),
("AAE-0009",8,80),
("AAE-0009",9,80),
("AAE-0010",1,80),
("AAE-0010",2,80),
("AAE-0010",3,80),
("AAE-0010",4,80),
("AAE-0010",5,80),
("AAE-0010",6,80),
("AAE-0010",7,80),
("AAE-0010",8,80),
("AAE-0010",9,80),

("ABA-0001",1,80),
("ABA-0001",2,80),
("ABA-0001",3,80),
("ABA-0001",4,80),
("ABA-0001",5,80),
("ABA-0001",6,80),
("ABA-0002",1,80),
("ABA-0002",2,80),
("ABA-0002",3,80),
("ABA-0002",4,80),
("ABA-0002",5,80),
("ABA-0002",6,80),
("ABA-0003",1,80),
("ABA-0003",2,80),
("ABA-0003",3,80),
("ABA-0003",4,80),
("ABA-0003",5,80),
("ABA-0003",6,80),
("ABA-0004",1,80),
("ABA-0004",2,80),
("ABA-0004",3,80),
("ABA-0004",4,80),
("ABA-0004",5,80),
("ABA-0004",6,80),
("ABA-0005",1,80),
("ABA-0005",2,80),
("ABA-0005",3,80),
("ABA-0005",4,80),
("ABA-0005",5,80),
("ABA-0005",6,80),
("ABB-0001",1,80),
("ABB-0001",2,80),
("ABB-0001",3,80),
("ABB-0001",4,80),
("ABB-0001",5,80),
("ABB-0001",6,80),
("ABB-0002",1,80),
("ABB-0002",2,80),
("ABB-0002",3,80),
("ABB-0002",4,80),
("ABB-0002",5,80),
("ABB-0002",6,80),
("ABB-0003",1,80),
("ABB-0003",2,80),
("ABB-0003",3,80),
("ABB-0003",4,80),
("ABB-0003",5,80),
("ABB-0003",6,80),
("ABB-0004",1,80),
("ABB-0004",2,80),
("ABB-0004",3,80),
("ABB-0004",4,80),
("ABB-0004",5,80),
("ABB-0004",6,80),
("ABB-0005",1,80),
("ABB-0005",2,80),
("ABB-0005",3,80),
("ABB-0005",4,80),
("ABB-0005",5,80),
("ABB-0005",6,80),
("ABC-0001",1,80),
("ABC-0001",2,80),
("ABC-0001",3,80),
("ABC-0001",4,80),
("ABC-0001",5,80),
("ABC-0001",6,80),
("ABC-0002",1,80),
("ABC-0002",2,80),
("ABC-0002",3,80),
("ABC-0002",4,80),
("ABC-0002",5,80),
("ABC-0002",6,80),
("ABC-0003",1,80),
("ABC-0003",2,80),
("ABC-0003",3,80),
("ABC-0003",4,80),
("ABC-0003",5,80),
("ABC-0003",6,80),
("ABC-0004",1,80),
("ABC-0004",2,80),
("ABC-0004",3,80),
("ABC-0004",4,80),
("ABC-0004",5,80),
("ABC-0004",6,80),
("ABC-0005",1,80),
("ABC-0005",2,80),
("ABC-0005",3,80),
("ABC-0005",4,80),
("ABC-0005",5,80),
("ABC-0005",6,80),
("ABD-0001",1,80),
("ABD-0001",2,80),
("ABD-0001",3,80),
("ABD-0001",4,80),
("ABD-0001",5,80),
("ABD-0001",6,80),
("ABD-0002",1,80),
("ABD-0002",2,80),
("ABD-0002",3,80),
("ABD-0002",4,80),
("ABD-0002",5,80),
("ABD-0002",6,80),
("ABD-0003",1,80),
("ABD-0003",2,80),
("ABD-0003",3,80),
("ABD-0003",4,80),
("ABD-0003",5,80),
("ABD-0003",6,80),
("ABD-0004",1,80),
("ABD-0004",2,80),
("ABD-0004",3,80),
("ABD-0004",4,80),
("ABD-0004",5,80),
("ABD-0004",6,80),
("ABD-0005",1,80),
("ABD-0005",2,80),
("ABD-0005",3,80),
("ABD-0005",4,80),
("ABD-0005",5,80),
("ABD-0005",6,80),
("ABE-0001",1,80),
("ABE-0001",2,80),
("ABE-0001",3,80),
("ABE-0001",4,80),
("ABE-0001",5,80),
("ABE-0001",6,80),
("ABE-0002",1,80),
("ABE-0002",2,80),
("ABE-0002",3,80),
("ABE-0002",4,80),
("ABE-0002",5,80),
("ABE-0002",6,80),
("ABE-0003",1,80),
("ABE-0003",2,80),
("ABE-0003",3,80),
("ABE-0003",4,80),
("ABE-0003",5,80),
("ABE-0003",6,80),
("ABE-0004",1,80),
("ABE-0004",2,80),
("ABE-0004",3,80),
("ABE-0004",4,80),
("ABE-0004",5,80),
("ABE-0004",6,80),
("ABE-0005",1,80),
("ABE-0005",2,80),
("ABE-0005",3,80),
("ABE-0005",4,80),
("ABE-0005",5,80),
("ABE-0005",6,80),

("ACA-0001",1,80),
("ACA-0001",2,80),
("ACA-0001",3,80),
("ACA-0001",4,80),
("ACA-0002",1,80),
("ACA-0002",2,80),
("ACA-0002",3,80),
("ACA-0002",4,80),
("ACA-0003",1,80),
("ACA-0003",2,80),
("ACA-0003",3,80),
("ACA-0003",4,80),
("ACA-0004",1,80),
("ACA-0004",2,80),
("ACA-0004",3,80),
("ACA-0004",4,80),
("ACB-0001",1,80),
("ACB-0001",2,80),
("ACB-0001",3,80),
("ACB-0001",4,80),
("ACB-0002",1,80),
("ACB-0002",2,80),
("ACB-0002",3,80),
("ACB-0002",4,80),
("ACB-0003",1,80),
("ACB-0003",2,80),
("ACB-0003",3,80),
("ACB-0003",4,80),
("ACC-0001",1,80),
("ACC-0001",2,80),
("ACC-0001",3,80),
("ACC-0001",4,80),
("ACC-0002",1,80),
("ACC-0002",2,80),
("ACC-0002",3,80),
("ACC-0002",4,80),
("ACC-0003",1,80),
("ACC-0003",2,80),
("ACC-0003",3,80),
("ACC-0003",4,80),
("ACD-0001",1,80),
("ACD-0001",2,80),
("ACD-0001",3,80),
("ACD-0001",4,80),
("ACD-0002",1,80),
("ACD-0002",2,80),
("ACD-0002",3,80),
("ACD-0002",4,80),
("ACD-0003",1,80),
("ACD-0003",2,80),
("ACD-0003",3,80),
("ACD-0003",4,80),
("ACE-0001",1,80),
("ACE-0001",2,80),
("ACE-0001",3,80),
("ACE-0001",4,80),
("ACE-0002",1,80),
("ACE-0002",2,80),
("ACE-0002",3,80),
("ACE-0002",4,80),
("ACE-0003",1,80),
("ACE-0003",2,80),
("ACE-0003",3,80),
("ACE-0003",4,80);

INSERT INTO 
  product_with_sizes
  (style_code, product_size_id, quantity)
VALUES
("BAA-0001",18,80),
("BAA-0001",19,80),
("BAA-0001",20,80),
("BAA-0001",21,80),
("BAA-0002",18,80),
("BAA-0002",19,80),
("BAA-0002",20,80),
("BAA-0002",21,80),
("BAA-0003",18,80),
("BAA-0003",19,80),
("BAA-0003",20,80),
("BAA-0003",21,80),
("BAA-0004",18,80),
("BAA-0004",19,80),
("BAA-0004",20,80),
("BAA-0004",21,80),
("BAA-0005",18,80),
("BAA-0005",19,80),
("BAA-0005",20,80),
("BAA-0005",21,80),

("BAB-0001",18,80),
("BAB-0001",19,80),
("BAB-0001",20,80),
("BAB-0001",21,80),
("BAB-0002",18,80),
("BAB-0002",19,80),
("BAB-0002",20,80),
("BAB-0002",21,80),
("BAB-0003",18,80),
("BAB-0003",19,80),
("BAB-0003",20,80),
("BAB-0003",21,80),
("BAB-0004",18,80),
("BAB-0004",19,80),
("BAB-0004",20,80),
("BAB-0004",21,80),
("BAB-0005",18,80),
("BAB-0005",19,80),
("BAB-0005",20,80),
("BAB-0005",21,80),
("BAB-0006",18,80),
("BAB-0006",19,80),
("BAB-0006",20,80),
("BAB-0006",21,80),
("BAB-0007",18,80),
("BAB-0007",19,80),
("BAB-0007",20,80),
("BAB-0007",21,80),

("BAC-0001",14,80),
("BAC-0001",15,80),
("BAC-0001",16,80),
("BAC-0001",17,80),
("BAC-0002",14,80),
("BAC-0002",15,80),
("BAC-0002",16,80),
("BAC-0002",17,80),
("BAC-0003",14,80),
("BAC-0003",15,80),
("BAC-0003",16,80),
("BAC-0003",17,80),

("BAD-0001",18,80),
("BAD-0001",19,80),
("BAD-0001",20,80),
("BAD-0001",21,80),
("BAD-0002",18,80),
("BAD-0002",19,80),
("BAD-0002",20,80),
("BAD-0002",21,80),
("BAD-0003",18,80),
("BAD-0003",19,80),
("BAD-0003",20,80),
("BAD-0003",21,80),
("BAD-0004",18,80),
("BAD-0004",19,80),
("BAD-0004",20,80),
("BAD-0004",21,80),
("BAD-0005",18,80),
("BAD-0005",19,80),
("BAD-0005",20,80),
("BAD-0005",21,80),

("BAE-0001",14,80),
("BAE-0001",15,80),
("BAE-0001",16,80),
("BAE-0001",17,80),
("BAE-0002",14,80),
("BAE-0002",15,80),
("BAE-0002",16,80),
("BAE-0002",17,80),
("BAE-0003",14,80),
("BAE-0003",15,80),
("BAE-0003",16,80),
("BAE-0003",17,80),
("BAE-0004",14,80),
("BAE-0004",15,80),
("BAE-0004",16,80),
("BAE-0004",17,80),
("BAE-0005",14,80),
("BAE-0005",15,80),
("BAE-0005",16,80),
("BAE-0005",17,80),

("BBA-0001",10,80),
("BBA-0001",11,80),
("BBA-0001",12,80),
("BBA-0001",13,80),
("BBA-0002",10,80),
("BBA-0002",11,80),
("BBA-0002",12,80),
("BBA-0002",13,80),
("BBA-0003",10,80),
("BBA-0003",11,80),
("BBA-0003",12,80),
("BBA-0003",13,80),
("BBA-0004",10,80),
("BBA-0004",11,80),
("BBA-0004",12,80),
("BBA-0004",13,80),
("BBA-0005",10,80),
("BBA-0005",11,80),
("BBA-0005",12,80),
("BBA-0005",13,80),
("BBA-0006",10,80),
("BBA-0006",11,80),
("BBA-0006",12,80),
("BBA-0006",13,80),

("BBB-0001",10,80),
("BBB-0001",11,80),
("BBB-0001",12,80),
("BBB-0001",13,80),

("BBC-0001",10,80),
("BBC-0001",11,80),
("BBC-0001",12,80),
("BBC-0001",13,80),

("BBD-0001",10,80),
("BBD-0001",11,80),
("BBD-0001",12,80),
("BBD-0001",13,80),
("BBD-0002",10,80),
("BBD-0002",11,80),
("BBD-0002",12,80),
("BBD-0002",13,80),

("BBE-0001",10,80),
("BBE-0001",11,80),
("BBE-0001",12,80),
("BBE-0001",13,80),
("BBE-0002",10,80),
("BBE-0002",11,80),
("BBE-0002",12,80),
("BBE-0002",13,80),
("BBE-0003",10,80),
("BBE-0003",11,80),
("BBE-0003",12,80),
("BBE-0003",13,80),
("BBE-0004",10,80),
("BBE-0004",11,80),
("BBE-0004",12,80),
("BBE-0004",13,80),

("BCA-0001",10,80),
("BCA-0001",11,80),
("BCA-0001",12,80),
("BCA-0001",13,80),
("BCA-0002",10,80),
("BCA-0002",11,80),
("BCA-0002",12,80),
("BCA-0002",13,80),
("BCA-0003",10,80),
("BCA-0003",11,80),
("BCA-0003",12,80),
("BCA-0003",13,80),
("BCA-0004",10,80),
("BCA-0004",11,80),
("BCA-0004",12,80),
("BCA-0004",13,80),

("BCB-0001",10,80),
("BCB-0001",11,80),
("BCB-0001",12,80),
("BCB-0001",13,80),

("BCC-0001",10,80),
("BCC-0001",11,80),
("BCC-0001",12,80),
("BCC-0001",13,80),

("BCD-0001",10,80),
("BCD-0001",11,80),
("BCD-0001",12,80),
("BCD-0001",13,80),
("BCD-0002",10,80),
("BCD-0002",11,80),
("BCD-0002",12,80),
("BCD-0002",13,80),
("BCD-0003",10,80),
("BCD-0003",11,80),
("BCD-0003",12,80),
("BCD-0003",13,80),

(“DAA-0001”,1,80),
(“DAA-0001",2,80),
(“DAA-0001”,3,80),
(“DAA-0001",4,80),
(“DAA-0001”,5,80),
(“DAA-0001",6,80),
(“DAA-0001”,7,80),
(“DAA-0001",8,80),
(“DAA-0001”,9,80),
(“DAA-0002",1,80),
(“DAA-0002”,2,80),
(“DAA-0002",3,80),
(“DAA-0002”,4,80),
(“DAA-0002",5,80),
(“DAA-0002”,6,80),
(“DAA-0002",7,80),
(“DAA-0002”,8,80),
(“DAA-0002",9,80),
(“DAA-0003”,1,80),
(“DAA-0003",2,80),
(“DAA-0003”,3,80),
(“DAA-0003",4,80),
(“DAA-0003”,5,80),
(“DAA-0003",6,80),
(“DAA-0003”,7,80),
(“DAA-0003",8,80),
(“DAA-0003”,9,80),
(“DAA-0004",1,80),
(“DAA-0004”,2,80),
(“DAA-0004",3,80),
(“DAA-0004”,4,80),
(“DAA-0004",5,80),
(“DAA-0004”,6,80),
(“DAA-0004",7,80),
(“DAA-0004”,8,80),
(“DAA-0004",9,80);

insert into
product_with_sizes
(style_code,product_size_id,quantity)
values
("CAA-0001",22,50), ("CAA-0002",22,50), ("CAA-0003",22,50),
("CAB-0001",22,50), ("CAB-0002",22,50), ("CAB-0003",22,50),
("CAC-0001",22,50), ("CAC-0002",22,50), ("CAC-0003",22,50),

("CBA-0001",22,50), ("CBA-0002",22,50), ("CBA-0003",22,50),
("CBB-0001",22,50), ("CBB-0002",22,50), ("CBB-0003",22,50),
("CBC-0001",22,50), ("CBC-0002",22,50), ("CBC-0003",22,50),

("CCA-0001",22,50), ("CCA-0002",22,50), ("CCA-0003",22,50),
("CCB-0001",22,50), ("CCB-0002",22,50), ("CCB-0003",22,50),
("CCC-0001",22,50), ("CCC-0002",22,50);

insert into
product_img_urls
(name, is_main, style_code, category_id)
values
("/Images/Men/Shoes/Airforce/1/1-1.png",1,"AAA-0001",1),
("/Images/Men/Shoes/Airforce/1/1-2.png",0,"AAA-0001",1),
("/Images/Men/Shoes/Airforce/1/1-3.png",0,"AAA-0001",1),
("/Images/Men/Shoes/Airforce/1/1-4.png",0,"AAA-0001",1),
("/Images/Men/Shoes/Airforce/2/2-1.png",1,"AAA-0002",1),
("/Images/Men/Shoes/Airforce/2/2-2.png",0,"AAA-0002",1),
("/Images/Men/Shoes/Airforce/2/2-3.png",0,"AAA-0002",1),
("/Images/Men/Shoes/Airforce/2/2-4.png",0,"AAA-0002",1),
("/Images/Men/Shoes/Airforce/3/3-1.png",1,"AAA-0003",1),
("/Images/Men/Shoes/Airforce/3/3-2.png",0,"AAA-0003",1),
("/Images/Men/Shoes/Airforce/3/3-3.png",0,"AAA-0003",1),
("/Images/Men/Shoes/Airforce/3/3-4.png",0,"AAA-0003",1),
("/Images/Men/Shoes/Airforce/4/4-1.png",1,"AAA-0004",1),
("/Images/Men/Shoes/Airforce/4/4-2.png",0,"AAA-0004",1),
("/Images/Men/Shoes/Airforce/4/4-3.png",0,"AAA-0004",1),
("/Images/Men/Shoes/Airforce/4/4-4.png",0,"AAA-0004",1),
("/Images/Men/Shoes/Airforce/5/5-1.png",1,"AAA-0005",1),
("/Images/Men/Shoes/Airforce/5/5-2.png",0,"AAA-0005",1),
("/Images/Men/Shoes/Airforce/5/5-3.png",0,"AAA-0005",1),
("/Images/Men/Shoes/Airforce/5/5-4.png",0,"AAA-0005",1),
("/Images/Men/Shoes/Airforce/6/6-1.png",1,"AAA-0006",1),
("/Images/Men/Shoes/Airforce/6/6-2.png",0,"AAA-0006",1),
("/Images/Men/Shoes/Airforce/6/6-3.png",0,"AAA-0006",1),
("/Images/Men/Shoes/Airforce/6/6-4.png",0,"AAA-0006",1),
("/Images/Men/Shoes/Airforce/7/7-1.png",1,"AAA-0007",1),
("/Images/Men/Shoes/Airforce/7/7-2.png",0,"AAA-0007",1),
("/Images/Men/Shoes/Airforce/7/7-3.png",0,"AAA-0007",1),
("/Images/Men/Shoes/Airforce/7/7-4.png",0,"AAA-0007",1),
("/Images/Men/Shoes/Airforce/8/8-1.png",1,"AAA-0008",1),
("/Images/Men/Shoes/Airforce/8/8-2.png",0,"AAA-0008",1),
("/Images/Men/Shoes/Airforce/8/8-3.png",0,"AAA-0008",1),
("/Images/Men/Shoes/Airforce/8/8-4.png",0,"AAA-0008",1),
("/Images/Men/Shoes/Airforce/9/9-1.png",1,"AAA-0009",1),
("/Images/Men/Shoes/Airforce/9/9-2.png",0,"AAA-0009",1),
("/Images/Men/Shoes/Airforce/9/9-3.png",0,"AAA-0009",1),
("/Images/Men/Shoes/Airforce/9/9-4.png",0,"AAA-0009",1),
("/Images/Men/Shoes/Airforce/10/10-1.png",1,"AAA-0010",1),
("/Images/Men/Shoes/Airforce/10/10-2.png",0,"AAA-0010",1),
("/Images/Men/Shoes/Airforce/10/10-3.png",0,"AAA-0010",1),
("/Images/Men/Shoes/Airforce/10/10-4.png",0,"AAA-0010",1),

("/Images/Men/Shoes/Airmax/1/1-1.png",1,"AAB-0001",1),
("/Images/Men/Shoes/Airmax/1/1-2.png",0,"AAB-0001",1),
("/Images/Men/Shoes/Airmax/1/1-3.png",0,"AAB-0001",1),
("/Images/Men/Shoes/Airmax/1/1-4.png",0,"AAB-0001",1),
("/Images/Men/Shoes/Airmax/2/2-1.png",1,"AAB-0002",1),
("/Images/Men/Shoes/Airmax/2/2-2.png",0,"AAB-0002",1),
("/Images/Men/Shoes/Airmax/2/2-3.png",0,"AAB-0002",1),
("/Images/Men/Shoes/Airmax/2/2-4.png",0,"AAB-0002",1),
("/Images/Men/Shoes/Airmax/3/3-1.png",1,"AAB-0003",1),
("/Images/Men/Shoes/Airmax/3/3-2.png",0,"AAB-0003",1),
("/Images/Men/Shoes/Airmax/3/3-3.png",0,"AAB-0003",1),
("/Images/Men/Shoes/Airmax/3/3-4.png",0,"AAB-0003",1),
("/Images/Men/Shoes/Airmax/4/4-1.png",1,"AAB-0004",1),
("/Images/Men/Shoes/Airmax/4/4-2.png",0,"AAB-0004",1),
("/Images/Men/Shoes/Airmax/4/4-3.png",0,"AAB-0004",1),
("/Images/Men/Shoes/Airmax/4/4-4.png",0,"AAB-0004",1),
("/Images/Men/Shoes/Airmax/5/5-1.png",1,"AAB-0005",1),
("/Images/Men/Shoes/Airmax/5/5-2.png",0,"AAB-0005",1),
("/Images/Men/Shoes/Airmax/5/5-3.png",0,"AAB-0005",1),
("/Images/Men/Shoes/Airmax/5/5-4.png",0,"AAB-0005",1),
("/Images/Men/Shoes/Airmax/6/6-1.png",1,"AAB-0006",1),
("/Images/Men/Shoes/Airmax/6/6-2.png",0,"AAB-0006",1),
("/Images/Men/Shoes/Airmax/6/6-3.png",0,"AAB-0006",1),
("/Images/Men/Shoes/Airmax/6/6-4.png",0,"AAB-0006",1),
("/Images/Men/Shoes/Airmax/7/7-1.png",1,"AAB-0007",1),
("/Images/Men/Shoes/Airmax/7/7-2.png",0,"AAB-0007",1),
("/Images/Men/Shoes/Airmax/7/7-3.png",0,"AAB-0007",1),
("/Images/Men/Shoes/Airmax/7/7-4.png",0,"AAB-0007",1),
("/Images/Men/Shoes/Airmax/8/8-1.png",1,"AAB-0008",1),
("/Images/Men/Shoes/Airmax/8/8-2.png",0,"AAB-0008",1),
("/Images/Men/Shoes/Airmax/8/8-3.png",0,"AAB-0008",1),
("/Images/Men/Shoes/Airmax/8/8-4.png",0,"AAB-0008",1),
("/Images/Men/Shoes/Airmax/9/9-1.png",1,"AAB-0009",1),
("/Images/Men/Shoes/Airmax/9/9-2.png",0,"AAB-0009",1),
("/Images/Men/Shoes/Airmax/9/9-3.png",0,"AAB-0009",1),
("/Images/Men/Shoes/Airmax/9/9-4.png",0,"AAB-0009",1),
("/Images/Men/Shoes/Airmax/10/10-1.png",1,"AAB-0010",1),
("/Images/Men/Shoes/Airmax/10/10-2.png",0,"AAB-0010",1),
("/Images/Men/Shoes/Airmax/10/10-3.png",0,"AAB-0010",1),
("/Images/Men/Shoes/Airmax/10/10-4.png",0,"AAB-0010",1),

("/Images/Men/Shoes/Daybreak/1/1-1.png",1,"AAC-0001",1),
("/Images/Men/Shoes/Daybreak/1/1-2.png",0,"AAC-0001",1),
("/Images/Men/Shoes/Daybreak/1/1-3.png",0,"AAC-0001",1),
("/Images/Men/Shoes/Daybreak/1/1-4.png",0,"AAC-0001",1),
("/Images/Men/Shoes/Daybreak/2/2-1.png",1,"AAC-0002",1),
("/Images/Men/Shoes/Daybreak/2/2-2.png",0,"AAC-0002",1),
("/Images/Men/Shoes/Daybreak/2/2-3.png",0,"AAC-0002",1),
("/Images/Men/Shoes/Daybreak/2/2-4.png",0,"AAC-0002",1),
("/Images/Men/Shoes/Daybreak/3/3-1.png",1,"AAC-0003",1),
("/Images/Men/Shoes/Daybreak/3/3-2.png",0,"AAC-0003",1),
("/Images/Men/Shoes/Daybreak/3/3-3.png",0,"AAC-0003",1),
("/Images/Men/Shoes/Daybreak/3/3-4.png",0,"AAC-0003",1),
("/Images/Men/Shoes/Daybreak/4/4-1.png",1,"AAC-0004",1),
("/Images/Men/Shoes/Daybreak/4/4-2.png",0,"AAC-0004",1),
("/Images/Men/Shoes/Daybreak/4/4-3.png",0,"AAC-0004",1),
("/Images/Men/Shoes/Daybreak/4/4-4.png",0,"AAC-0004",1),
("/Images/Men/Shoes/Daybreak/5/5-1.png",1,"AAC-0005",1),
("/Images/Men/Shoes/Daybreak/5/5-2.png",0,"AAC-0005",1),
("/Images/Men/Shoes/Daybreak/5/5-3.png",0,"AAC-0005",1),
("/Images/Men/Shoes/Daybreak/5/5-4.png",0,"AAC-0005",1),
("/Images/Men/Shoes/Daybreak/6/6-1.png",1,"AAC-0006",1),
("/Images/Men/Shoes/Daybreak/6/6-2.png",0,"AAC-0006",1),
("/Images/Men/Shoes/Daybreak/6/6-3.png",0,"AAC-0006",1),
("/Images/Men/Shoes/Daybreak/6/6-4.png",0,"AAC-0006",1),

("/Images/Men/Shoes/Infinityrun/1/1-1.png",1,"AAD-0001",1),
("/Images/Men/Shoes/Infinityrun/1/1-2.png",0,"AAD-0001",1),
("/Images/Men/Shoes/Infinityrun/1/1-3.png",0,"AAD-0001",1),
("/Images/Men/Shoes/Infinityrun/1/1-4.png",0,"AAD-0001",1),
("/Images/Men/Shoes/Infinityrun/2/2-1.png",1,"AAD-0002",1),
("/Images/Men/Shoes/Infinityrun/2/2-2.png",0,"AAD-0002",1),
("/Images/Men/Shoes/Infinityrun/2/2-3.png",0,"AAD-0002",1),
("/Images/Men/Shoes/Infinityrun/2/2-4.png",0,"AAD-0002",1),
("/Images/Men/Shoes/Infinityrun/3/3-1.png",1,"AAD-0003",1),
("/Images/Men/Shoes/Infinityrun/3/3-2.png",0,"AAD-0003",1),
("/Images/Men/Shoes/Infinityrun/3/3-3.png",0,"AAD-0003",1),
("/Images/Men/Shoes/Infinityrun/3/3-4.png",0,"AAD-0003",1),
("/Images/Men/Shoes/Infinityrun/4/4-1.png",1,"AAD-0004",1),
("/Images/Men/Shoes/Infinityrun/4/4-2.png",0,"AAD-0004",1),
("/Images/Men/Shoes/Infinityrun/4/4-3.png",0,"AAD-0004",1),
("/Images/Men/Shoes/Infinityrun/4/4-4.png",0,"AAD-0004",1),
("/Images/Men/Shoes/Infinityrun/5/5-1.png",1,"AAD-0005",1),
("/Images/Men/Shoes/Infinityrun/5/5-2.png",0,"AAD-0005",1),
("/Images/Men/Shoes/Infinityrun/5/5-3.png",0,"AAD-0005",1),
("/Images/Men/Shoes/Infinityrun/5/5-4.png",0,"AAD-0005",1),
("/Images/Men/Shoes/Infinityrun/6/6-1.png",1,"AAD-0006",1),
("/Images/Men/Shoes/Infinityrun/6/6-2.png",0,"AAD-0006",1),
("/Images/Men/Shoes/Infinityrun/6/6-3.png",0,"AAD-0006",1),
("/Images/Men/Shoes/Infinityrun/6/6-4.png",0,"AAD-0006",1),
("/Images/Men/Shoes/Infinityrun/7/7-1.png",1,"AAD-0007",1),
("/Images/Men/Shoes/Infinityrun/7/7-2.png",0,"AAD-0007",1),
("/Images/Men/Shoes/Infinityrun/7/7-3.png",0,"AAD-0007",1),
("/Images/Men/Shoes/Infinityrun/7/7-4.png",0,"AAD-0007",1),
("/Images/Men/Shoes/Infinityrun/8/8-1.png",1,"AAD-0008",1),
("/Images/Men/Shoes/Infinityrun/8/8-2.png",0,"AAD-0008",1),
("/Images/Men/Shoes/Infinityrun/8/8-3.png",0,"AAD-0008",1),
("/Images/Men/Shoes/Infinityrun/8/8-4.png",0,"AAD-0008",1),
("/Images/Men/Shoes/Infinityrun/9/9-1.png",1,"AAD-0009",1),
("/Images/Men/Shoes/Infinityrun/9/9-2.png",0,"AAD-0009",1),
("/Images/Men/Shoes/Infinityrun/9/9-3.png",0,"AAD-0009",1),
("/Images/Men/Shoes/Infinityrun/9/9-4.png",0,"AAD-0009",1),
("/Images/Men/Shoes/Infinityrun/10/10-1.png",1,"AAD-0010",1),
("/Images/Men/Shoes/Infinityrun/10/10-2.png",0,"AAD-0010",1),
("/Images/Men/Shoes/Infinityrun/10/10-3.png",0,"AAD-0010",1),
("/Images/Men/Shoes/Infinityrun/10/10-4.png",0,"AAD-0010",1),

("/Images/Men/Shoes/Blazer/1/1-1.png",1,"AAE-0001",1),
("/Images/Men/Shoes/Blazer/1/1-2.png",0,"AAE-0001",1),
("/Images/Men/Shoes/Blazer/1/1-3.png",0,"AAE-0001",1),
("/Images/Men/Shoes/Blazer/1/1-4.png",0,"AAE-0001",1),
("/Images/Men/Shoes/Blazer/2/2-1.png",1,"AAE-0002",1),
("/Images/Men/Shoes/Blazer/2/2-2.png",0,"AAE-0002",1),
("/Images/Men/Shoes/Blazer/2/2-3.png",0,"AAE-0002",1),
("/Images/Men/Shoes/Blazer/2/2-4.png",0,"AAE-0002",1),
("/Images/Men/Shoes/Blazer/3/3-1.png",1,"AAE-0003",1),
("/Images/Men/Shoes/Blazer/3/3-2.png",0,"AAE-0003",1),
("/Images/Men/Shoes/Blazer/3/3-3.png",0,"AAE-0003",1),
("/Images/Men/Shoes/Blazer/3/3-4.png",0,"AAE-0003",1),
("/Images/Men/Shoes/Blazer/4/4-1.png",1,"AAE-0004",1),
("/Images/Men/Shoes/Blazer/4/4-2.png",0,"AAE-0004",1),
("/Images/Men/Shoes/Blazer/4/4-3.png",0,"AAE-0004",1),
("/Images/Men/Shoes/Blazer/4/4-4.png",0,"AAE-0004",1),
("/Images/Men/Shoes/Blazer/5/5-1.png",1,"AAE-0005",1),
("/Images/Men/Shoes/Blazer/5/5-2.png",0,"AAE-0005",1),
("/Images/Men/Shoes/Blazer/5/5-3.png",0,"AAE-0005",1),
("/Images/Men/Shoes/Blazer/5/5-4.png",0,"AAE-0005",1),
("/Images/Men/Shoes/Blazer/6/6-1.png",1,"AAE-0006",1),
("/Images/Men/Shoes/Blazer/6/6-2.png",0,"AAE-0006",1),
("/Images/Men/Shoes/Blazer/6/6-3.png",0,"AAE-0006",1),
("/Images/Men/Shoes/Blazer/6/6-4.png",0,"AAE-0006",1),
("/Images/Men/Shoes/Blazer/7/7-1.png",1,"AAE-0007",1),
("/Images/Men/Shoes/Blazer/7/7-2.png",0,"AAE-0007",1),
("/Images/Men/Shoes/Blazer/7/7-3.png",0,"AAE-0007",1),
("/Images/Men/Shoes/Blazer/7/7-4.png",0,"AAE-0007",1),
("/Images/Men/Shoes/Blazer/8/8-1.png",1,"AAE-0008",1),
("/Images/Men/Shoes/Blazer/8/8-2.png",0,"AAE-0008",1),
("/Images/Men/Shoes/Blazer/8/8-3.png",0,"AAE-0008",1),
("/Images/Men/Shoes/Blazer/8/8-4.png",0,"AAE-0008",1),
("/Images/Men/Shoes/Blazer/9/9-1.png",1,"AAE-0009",1),
("/Images/Men/Shoes/Blazer/9/9-2.png",0,"AAE-0009",1),
("/Images/Men/Shoes/Blazer/9/9-3.png",0,"AAE-0009",1),
("/Images/Men/Shoes/Blazer/9/9-4.png",0,"AAE-0009",1),
("/Images/Men/Shoes/Blazer/10/10-1.png",1,"AAE-0010",1),
("/Images/Men/Shoes/Blazer/10/10-2.png",0,"AAE-0010",1),
("/Images/Men/Shoes/Blazer/10/10-3.png",0,"AAE-0010",1),
("/Images/Men/Shoes/Blazer/10/10-4.png",0,"AAE-0010",1),

("/Images/Women/Shoes/Airforce/1/1-1.png",1,"ABA-0001",1),
("/Images/Women/Shoes/Airforce/1/1-2.png",0,"ABA-0001",1),
("/Images/Women/Shoes/Airforce/1/1-3.png",0,"ABA-0001",1),
("/Images/Women/Shoes/Airforce/1/1-4.png",0,"ABA-0001",1),
("/Images/Women/Shoes/Airforce/2/2-1.png",1,"ABA-0002",1),
("/Images/Women/Shoes/Airforce/2/2-2.png",0,"ABA-0002",1),
("/Images/Women/Shoes/Airforce/2/2-3.png",0,"ABA-0002",1),
("/Images/Women/Shoes/Airforce/2/2-4.png",0,"ABA-0002",1),
("/Images/Women/Shoes/Airforce/3/3-1.png",1,"ABA-0003",1),
("/Images/Women/Shoes/Airforce/3/3-2.png",0,"ABA-0003",1),
("/Images/Women/Shoes/Airforce/3/3-3.png",0,"ABA-0003",1),
("/Images/Women/Shoes/Airforce/3/3-4.png",0,"ABA-0003",1),
("/Images/Women/Shoes/Airforce/4/4-1.png",1,"ABA-0004",1),
("/Images/Women/Shoes/Airforce/4/4-2.png",0,"ABA-0004",1),
("/Images/Women/Shoes/Airforce/4/4-3.png",0,"ABA-0004",1),
("/Images/Women/Shoes/Airforce/4/4-4.png",0,"ABA-0004",1),
("/Images/Women/Shoes/Airforce/5/5-1.png",1,"ABA-0005",1),
("/Images/Women/Shoes/Airforce/5/5-2.png",0,"ABA-0005",1),
("/Images/Women/Shoes/Airforce/5/5-3.png",0,"ABA-0005",1),
("/Images/Women/Shoes/Airforce/5/5-4.png",0,"ABA-0005",1),

("/Images/Women/Shoes/Airmax/1/1-1.png",1,"ABB-0001",1),
("/Images/Women/Shoes/Airmax/1/1-2.png",0,"ABB-0001",1),
("/Images/Women/Shoes/Airmax/1/1-3.png",0,"ABB-0001",1),
("/Images/Women/Shoes/Airmax/1/1-4.png",0,"ABB-0001",1),
("/Images/Women/Shoes/Airmax/2/2-1.png",1,"ABB-0002",1),
("/Images/Women/Shoes/Airmax/2/2-2.png",0,"ABB-0002",1),
("/Images/Women/Shoes/Airmax/2/2-3.png",0,"ABB-0002",1),
("/Images/Women/Shoes/Airmax/2/2-4.png",0,"ABB-0002",1),
("/Images/Women/Shoes/Airmax/3/3-1.png",1,"ABB-0003",1),
("/Images/Women/Shoes/Airmax/3/3-2.png",0,"ABB-0003",1),
("/Images/Women/Shoes/Airmax/3/3-3.png",0,"ABB-0003",1),
("/Images/Women/Shoes/Airmax/3/3-4.png",0,"ABB-0003",1),
("/Images/Women/Shoes/Airmax/4/4-1.png",1,"ABB-0004",1),
("/Images/Women/Shoes/Airmax/4/4-2.png",0,"ABB-0004",1),
("/Images/Women/Shoes/Airmax/4/4-3.png",0,"ABB-0004",1),
("/Images/Women/Shoes/Airmax/4/4-4.png",0,"ABB-0004",1),
("/Images/Women/Shoes/Airmax/5/5-1.png",1,"ABB-0005",1),
("/Images/Women/Shoes/Airmax/5/5-2.png",0,"ABB-0005",1),
("/Images/Women/Shoes/Airmax/5/5-3.png",0,"ABB-0005",1),
("/Images/Women/Shoes/Airmax/5/5-4.png",0,"ABB-0005",1),

("/Images/Women/Shoes/Daybreak/1/1-1.png",1,"ABC-0001",1),
("/Images/Women/Shoes/Daybreak/1/1-2.png",0,"ABC-0001",1),
("/Images/Women/Shoes/Daybreak/1/1-3.png",0,"ABC-0001",1),
("/Images/Women/Shoes/Daybreak/1/1-4.png",0,"ABC-0001",1),
("/Images/Women/Shoes/Daybreak/2/2-1.png",1,"ABC-0002",1),
("/Images/Women/Shoes/Daybreak/2/2-2.png",0,"ABC-0002",1),
("/Images/Women/Shoes/Daybreak/2/2-3.png",0,"ABC-0002",1),
("/Images/Women/Shoes/Daybreak/2/2-4.png",0,"ABC-0002",1),
("/Images/Women/Shoes/Daybreak/3/3-1.png",1,"ABC-0003",1),
("/Images/Women/Shoes/Daybreak/3/3-2.png",0,"ABC-0003",1),
("/Images/Women/Shoes/Daybreak/3/3-3.png",0,"ABC-0003",1),
("/Images/Women/Shoes/Daybreak/3/3-4.png",0,"ABC-0003",1),
("/Images/Women/Shoes/Daybreak/4/4-1.png",1,"ABC-0004",1),
("/Images/Women/Shoes/Daybreak/4/4-2.png",0,"ABC-0004",1),
("/Images/Women/Shoes/Daybreak/4/4-3.png",0,"ABC-0004",1),
("/Images/Women/Shoes/Daybreak/4/4-4.png",0,"ABC-0004",1),
("/Images/Women/Shoes/Daybreak/5/5-1.png",1,"ABC-0005",1),
("/Images/Women/Shoes/Daybreak/5/5-2.png",0,"ABC-0005",1),
("/Images/Women/Shoes/Daybreak/5/5-3.png",0,"ABC-0005",1),
("/Images/Women/Shoes/Daybreak/5/5-4.png",0,"ABC-0005",1),

("/Images/Women/Shoes/Infinityrun/1/1-1.png",1,"ABD-0001",1),
("/Images/Women/Shoes/Infinityrun/1/1-2.png",0,"ABD-0001",1),
("/Images/Women/Shoes/Infinityrun/1/1-3.png",0,"ABD-0001",1),
("/Images/Women/Shoes/Infinityrun/1/1-4.png",0,"ABD-0001",1),
("/Images/Women/Shoes/Infinityrun/2/2-1.png",1,"ABD-0002",1),
("/Images/Women/Shoes/Infinityrun/2/2-2.png",0,"ABD-0002",1),
("/Images/Women/Shoes/Infinityrun/2/2-3.png",0,"ABD-0002",1),
("/Images/Women/Shoes/Infinityrun/2/2-4.png",0,"ABD-0002",1),
("/Images/Women/Shoes/Infinityrun/3/3-1.png",1,"ABD-0003",1),
("/Images/Women/Shoes/Infinityrun/3/3-2.png",0,"ABD-0003",1),
("/Images/Women/Shoes/Infinityrun/3/3-3.png",0,"ABD-0003",1),
("/Images/Women/Shoes/Infinityrun/3/3-4.png",0,"ABD-0003",1),
("/Images/Women/Shoes/Infinityrun/4/4-1.png",1,"ABD-0004",1),
("/Images/Women/Shoes/Infinityrun/4/4-2.png",0,"ABD-0004",1),
("/Images/Women/Shoes/Infinityrun/4/4-3.png",0,"ABD-0004",1),
("/Images/Women/Shoes/Infinityrun/4/4-4.png",0,"ABD-0004",1),
("/Images/Women/Shoes/Infinityrun/5/5-1.png",1,"ABD-0005",1),
("/Images/Women/Shoes/Infinityrun/5/5-2.png",0,"ABD-0005",1),
("/Images/Women/Shoes/Infinityrun/5/5-3.png",0,"ABD-0005",1),
("/Images/Women/Shoes/Infinityrun/5/5-4.png",0,"ABD-0005",1),

("/Images/Women/Shoes/Blazer/1/1-1.png",1,"ABE-0001",1),
("/Images/Women/Shoes/Blazer/1/1-2.png",0,"ABE-0001",1),
("/Images/Women/Shoes/Blazer/1/1-3.png",0,"ABE-0001",1),
("/Images/Women/Shoes/Blazer/1/1-4.png",0,"ABE-0001",1),
("/Images/Women/Shoes/Blazer/2/2-1.png",1,"ABE-0002",1),
("/Images/Women/Shoes/Blazer/2/2-2.png",0,"ABE-0002",1),
("/Images/Women/Shoes/Blazer/2/2-3.png",0,"ABE-0002",1),
("/Images/Women/Shoes/Blazer/2/2-4.png",0,"ABE-0002",1),
("/Images/Women/Shoes/Blazer/3/3-1.png",1,"ABE-0003",1),
("/Images/Women/Shoes/Blazer/3/3-2.png",0,"ABE-0003",1),
("/Images/Women/Shoes/Blazer/3/3-3.png",0,"ABE-0003",1),
("/Images/Women/Shoes/Blazer/3/3-4.png",0,"ABE-0003",1),
("/Images/Women/Shoes/Blazer/4/4-1.png",1,"ABE-0004",1),
("/Images/Women/Shoes/Blazer/4/4-2.png",0,"ABE-0004",1),
("/Images/Women/Shoes/Blazer/4/4-3.png",0,"ABE-0004",1),
("/Images/Women/Shoes/Blazer/4/4-4.png",0,"ABE-0004",1),
("/Images/Women/Shoes/Blazer/5/5-1.png",1,"ABE-0005",1),
("/Images/Women/Shoes/Blazer/5/5-2.png",0,"ABE-0005",1),
("/Images/Women/Shoes/Blazer/5/5-3.png",0,"ABE-0005",1),
("/Images/Women/Shoes/Blazer/5/5-4.png",0,"ABE-0005",1),

("/Images/Kids/Shoes/Airforce/1/1-1.png",1,"ACA-0001",1),
("/Images/Kids/Shoes/Airforce/1/1-2.png",0,"ACA-0001",1),
("/Images/Kids/Shoes/Airforce/1/1-3.png",0,"ACA-0001",1),
("/Images/Kids/Shoes/Airforce/1/1-4.png",0,"ACA-0001",1),
("/Images/Kids/Shoes/Airforce/2/2-1.png",1,"ACA-0002",1),
("/Images/Kids/Shoes/Airforce/2/2-2.png",0,"ACA-0002",1),
("/Images/Kids/Shoes/Airforce/2/2-3.png",0,"ACA-0002",1),
("/Images/Kids/Shoes/Airforce/2/2-4.png",0,"ACA-0002",1),
("/Images/Kids/Shoes/Airforce/3/3-1.png",1,"ACA-0003",1),
("/Images/Kids/Shoes/Airforce/3/3-2.png",0,"ACA-0003",1),
("/Images/Kids/Shoes/Airforce/3/3-3.png",0,"ACA-0003",1),
("/Images/Kids/Shoes/Airforce/3/3-4.png",0,"ACA-0003",1),
("/Images/Kids/Shoes/Airforce/4/4-1.png",1,"ACA-0004",1),
("/Images/Kids/Shoes/Airforce/4/4-2.png",0,"ACA-0004",1),
("/Images/Kids/Shoes/Airforce/4/4-3.png",0,"ACA-0004",1),
("/Images/Kids/Shoes/Airforce/4/4-4.png",0,"ACA-0004",1),

("/Images/Kids/Shoes/Airmax/1/1-1.png",1,"ACB-0001",1),
("/Images/Kids/Shoes/Airmax/1/1-2.png",0,"ACB-0001",1),
("/Images/Kids/Shoes/Airmax/1/1-3.png",0,"ACB-0001",1),
("/Images/Kids/Shoes/Airmax/1/1-4.png",0,"ACB-0001",1),
("/Images/Kids/Shoes/Airmax/2/2-1.png",1,"ACB-0002",1),
("/Images/Kids/Shoes/Airmax/2/2-2.png",0,"ACB-0002",1),
("/Images/Kids/Shoes/Airmax/2/2-3.png",0,"ACB-0002",1),
("/Images/Kids/Shoes/Airmax/2/2-4.png",0,"ACB-0002",1),
("/Images/Kids/Shoes/Airmax/3/3-1.png",1,"ACB-0003",1),
("/Images/Kids/Shoes/Airmax/3/3-2.png",0,"ACB-0003",1),
("/Images/Kids/Shoes/Airmax/3/3-3.png",0,"ACB-0003",1),
("/Images/Kids/Shoes/Airmax/3/3-4.png",0,"ACB-0003",1),

("/Images/Kids/Shoes/Blazer/1/1-1.png",1,"ACC-0001",1),
("/Images/Kids/Shoes/Blazer/1/1-2.png",0,"ACC-0001",1),
("/Images/Kids/Shoes/Blazer/1/1-3.png",0,"ACC-0001",1),
("/Images/Kids/Shoes/Blazer/1/1-4.png",0,"ACC-0001",1),
("/Images/Kids/Shoes/Blazer/2/2-1.png",1,"ACC-0002",1),
("/Images/Kids/Shoes/Blazer/2/2-2.png",0,"ACC-0002",1),
("/Images/Kids/Shoes/Blazer/2/2-3.png",0,"ACC-0002",1),
("/Images/Kids/Shoes/Blazer/2/2-4.png",0,"ACC-0002",1),
("/Images/Kids/Shoes/Blazer/3/3-1.png",1,"ACC-0003",1),
("/Images/Kids/Shoes/Blazer/3/3-2.png",0,"ACC-0003",1),
("/Images/Kids/Shoes/Blazer/3/3-3.png",0,"ACC-0003",1),
("/Images/Kids/Shoes/Blazer/3/3-4.png",0,"ACC-0003",1),

("/Images/Kids/Shoes/Wafl/1/1-1.png",1,"ACD-0001",1),
("/Images/Kids/Shoes/Wafl/1/1-2.png",0,"ACD-0001",1),
("/Images/Kids/Shoes/Wafl/1/1-3.png",0,"ACD-0001",1),
("/Images/Kids/Shoes/Wafl/1/1-4.png",0,"ACD-0001",1),
("/Images/Kids/Shoes/Wafl/2/2-1.png",1,"ACD-0002",1),
("/Images/Kids/Shoes/Wafl/2/2-2.png",0,"ACD-0002",1),
("/Images/Kids/Shoes/Wafl/2/2-3.png",0,"ACD-0002",1),
("/Images/Kids/Shoes/Wafl/2/2-4.png",0,"ACD-0002",1),
("/Images/Kids/Shoes/Wafl/3/3-1.png",1,"ACD-0003",1),
("/Images/Kids/Shoes/Wafl/3/3-2.png",0,"ACD-0003",1),
("/Images/Kids/Shoes/Wafl/3/3-3.png",0,"ACD-0003",1),
("/Images/Kids/Shoes/Wafl/3/3-4.png",0,"ACD-0003",1),

("/Images/Kids/Shoes/Craterimpact/1/1-1.png",1,"ACE-0001",1),
("/Images/Kids/Shoes/Craterimpact/1/1-2.png",0,"ACE-0001",1),
("/Images/Kids/Shoes/Craterimpact/1/1-3.png",0,"ACE-0001",1),
("/Images/Kids/Shoes/Craterimpact/1/1-4.png",0,"ACE-0001",1),
("/Images/Kids/Shoes/Craterimpact/2/2-1.png",1,"ACE-0002",1),
("/Images/Kids/Shoes/Craterimpact/2/2-2.png",0,"ACE-0002",1),
("/Images/Kids/Shoes/Craterimpact/2/2-3.png",0,"ACE-0002",1),
("/Images/Kids/Shoes/Craterimpact/2/2-4.png",0,"ACE-0002",1),
("/Images/Kids/Shoes/Craterimpact/3/3-1.png",1,"ACE-0003",1),
("/Images/Kids/Shoes/Craterimpact/3/3-2.png",0,"ACE-0003",1),
("/Images/Kids/Shoes/Craterimpact/3/3-3.png",0,"ACE-0003",1),
("/Images/Kids/Shoes/Craterimpact/3/3-4.png",0,"ACE-0003",1);

INSERT INTO 
  product_img_urls (name,is_main,style_code,category_id)
VALUES
  ("/Images/Men/Clothes/그래픽티/1/1.png",1,"BAA-0001",2),
  ("/Images/Men/Clothes/그래픽티/1/2.png",0,"BAA-0001",2),
  ("/Images/Men/Clothes/그래픽티/1/3.png",0,"BAA-0001",2),
  ("/Images/Men/Clothes/그래픽티/1/4.png",0,"BAA-0001",2),

  ("/Images/Men/Clothes/그래픽티/2/1.png",1,"BAA-0002",2),
  ("/Images/Men/Clothes/그래픽티/2/2.png",0,"BAA-0002",2),
  ("/Images/Men/Clothes/그래픽티/2/3.png",0,"BAA-0002",2),
  ("/Images/Men/Clothes/그래픽티/2/4.png",0,"BAA-0002",2),

  ("/Images/Men/Clothes/그래픽티/3/1.png",1,"BAA-0003",2),
  ("/Images/Men/Clothes/그래픽티/3/2.png",0,"BAA-0003",2),
  ("/Images/Men/Clothes/그래픽티/3/3.png",0,"BAA-0003",2),
  ("/Images/Men/Clothes/그래픽티/3/4.png",0,"BAA-0003",2),
  
  ("/Images/Men/Clothes/그래픽티/4/1.png",1,"BAA-0004",2),
  ("/Images/Men/Clothes/그래픽티/4/2.png",0,"BAA-0004",2),
  ("/Images/Men/Clothes/그래픽티/4/3.png",0,"BAA-0004",2),
  ("/Images/Men/Clothes/그래픽티/4/4.png",0,"BAA-0004",2),

  ("/Images/Men/Clothes/그래픽티/5/1.png",1,"BAA-0005",2),
  ("/Images/Men/Clothes/그래픽티/5/2.png",0,"BAA-0005",2),
  ("/Images/Men/Clothes/그래픽티/5/3.png",0,"BAA-0005",2),
  ("/Images/Men/Clothes/그래픽티/5/4.png",0,"BAA-0005",2),


  ("/Images/Men/Clothes/베이스레이어상의/1/1.png",1,"BAB-0001",2),
  ("/Images/Men/Clothes/베이스레이어상의/1/2.png",0,"BAB-0001",2),
  ("/Images/Men/Clothes/베이스레이어상의/1/3.png",0,"BAB-0001",2),
  ("/Images/Men/Clothes/베이스레이어상의/1/4.png",0,"BAB-0001",2),

  ("/Images/Men/Clothes/베이스레이어상의/2/1.png",1,"BAB-0002",2),
  ("/Images/Men/Clothes/베이스레이어상의/2/2.png",0,"BAB-0002",2),
  ("/Images/Men/Clothes/베이스레이어상의/2/3.png",0,"BAB-0002",2),
  ("/Images/Men/Clothes/베이스레이어상의/2/4.png",0,"BAB-0002",2),

  ("/Images/Men/Clothes/베이스레이어상의/3/1.png",1,"BAB-0003",2),
  ("/Images/Men/Clothes/베이스레이어상의/3/2.png",0,"BAB-0003",2),
  ("/Images/Men/Clothes/베이스레이어상의/3/3.png",0,"BAB-0003",2),
  ("/Images/Men/Clothes/베이스레이어상의/3/4.png",0,"BAB-0003",2),

  ("/Images/Men/Clothes/베이스레이어상의/4/1.png",1,"BAB-0004",2),
  ("/Images/Men/Clothes/베이스레이어상의/4/2.png",0,"BAB-0004",2),
  ("/Images/Men/Clothes/베이스레이어상의/4/3.png",0,"BAB-0004",2),
  ("/Images/Men/Clothes/베이스레이어상의/4/4.png",0,"BAB-0004",2),

  ("/Images/Men/Clothes/베이스레이어상의/5/1.png",1,"BAB-0005",2),
  ("/Images/Men/Clothes/베이스레이어상의/5/2.png",0,"BAB-0005",2),
  ("/Images/Men/Clothes/베이스레이어상의/5/3.png",0,"BAB-0005",2),
  ("/Images/Men/Clothes/베이스레이어상의/5/4.png",0,"BAB-0005",2),

  ("/Images/Men/Clothes/베이스레이어상의/6/1.png",1,"BAB-0006",2),
  ("/Images/Men/Clothes/베이스레이어상의/6/2.png",0,"BAB-0006",2),
  ("/Images/Men/Clothes/베이스레이어상의/6/3.png",0,"BAB-0006",2),
  ("/Images/Men/Clothes/베이스레이어상의/6/4.png",0,"BAB-0006",2),

  ("/Images/Men/Clothes/베이스레이어상의/7/1.png",1,"BAB-0007",2),
  ("/Images/Men/Clothes/베이스레이어상의/7/2.png",0,"BAB-0007",2),
  ("/Images/Men/Clothes/베이스레이어상의/7/3.png",0,"BAB-0007",2),
  ("/Images/Men/Clothes/베이스레이어상의/7/4.png",0,"BAB-0007",2),


  ("/Images/Men/Clothes/베이스레이어하의/1/1.png",1,"BAC-0001",2),
  ("/Images/Men/Clothes/베이스레이어하의/1/2.png",0,"BAC-0001",2),
  ("/Images/Men/Clothes/베이스레이어하의/1/3.png",0,"BAC-0001",2),
  ("/Images/Men/Clothes/베이스레이어하의/1/4.png",0,"BAC-0001",2),

  ("/Images/Men/Clothes/베이스레이어하의/2/1.png",1,"BAC-0002",2),
  ("/Images/Men/Clothes/베이스레이어하의/2/2.png",0,"BAC-0002",2),
  ("/Images/Men/Clothes/베이스레이어하의/2/3.png",0,"BAC-0002",2),
  ("/Images/Men/Clothes/베이스레이어하의/2/4.png",0,"BAC-0002",2),

  ("/Images/Men/Clothes/베이스레이어하의/3/1.png",1,"BAC-0003",2),
  ("/Images/Men/Clothes/베이스레이어하의/3/2.png",0,"BAC-0003",2),
  ("/Images/Men/Clothes/베이스레이어하의/3/3.png",0,"BAC-0003",2),
  ("/Images/Men/Clothes/베이스레이어하의/3/4.png",0,"BAC-0003",2),
  

  ("/Images/Men/Clothes/저지/1/1.png",1,"BAD-0001",2),
  ("/Images/Men/Clothes/저지/1/2.png",0,"BAD-0001",2),
  ("/Images/Men/Clothes/저지/1/3.png",0,"BAD-0001",2),
  ("/Images/Men/Clothes/저지/1/4.png",0,"BAD-0001",2),

  ("/Images/Men/Clothes/저지/2/1.png",1,"BAD-0002",2),
  ("/Images/Men/Clothes/저지/2/2.png",0,"BAD-0002",2),
  ("/Images/Men/Clothes/저지/2/3.png",0,"BAD-0002",2),
  ("/Images/Men/Clothes/저지/2/4.png",0,"BAD-0002",2),

  ("/Images/Men/Clothes/저지/3/1.png",1,"BAD-0003",2),
  ("/Images/Men/Clothes/저지/3/2.png",0,"BAD-0003",2),
  ("/Images/Men/Clothes/저지/3/3.png",0,"BAD-0003",2),
  ("/Images/Men/Clothes/저지/3/4.png",0,"BAD-0003",2),

  ("/Images/Men/Clothes/저지/4/1.png",1,"BAD-0004",2),
  ("/Images/Men/Clothes/저지/4/2.png",0,"BAD-0004",2),
  ("/Images/Men/Clothes/저지/4/3.png",0,"BAD-0004",2),
  ("/Images/Men/Clothes/저지/4/4.png",0,"BAD-0004",2),

  ("/Images/Men/Clothes/저지/5/1.png",1,"BAD-0005",2),
  ("/Images/Men/Clothes/저지/5/2.png",0,"BAD-0005",2),
  ("/Images/Men/Clothes/저지/5/3.png",0,"BAD-0005",2),
  ("/Images/Men/Clothes/저지/5/4.png",0,"BAD-0005",2),

  
  ("/Images/Men/Clothes/조거/1/1.png",1,"BAE-0001",2),
  ("/Images/Men/Clothes/조거/1/2.png",0,"BAE-0001",2),
  ("/Images/Men/Clothes/조거/1/3.png",0,"BAE-0001",2),
  ("/Images/Men/Clothes/조거/1/4.png",0,"BAE-0001",2),

  ("/Images/Men/Clothes/조거/2/1.png",1,"BAE-0002",2),
  ("/Images/Men/Clothes/조거/2/2.png",0,"BAE-0002",2),
  ("/Images/Men/Clothes/조거/2/3.png",0,"BAE-0002",2),
  ("/Images/Men/Clothes/조거/2/4.png",0,"BAE-0002",2),

  ("/Images/Men/Clothes/조거/3/1.png",1,"BAE-0003",2),
  ("/Images/Men/Clothes/조거/3/2.png",0,"BAE-0003",2),
  ("/Images/Men/Clothes/조거/3/3.png",0,"BAE-0003",2),
  ("/Images/Men/Clothes/조거/3/4.png",0,"BAE-0003",2),

  ("/Images/Men/Clothes/조거/4/1.png",1,"BAE-0004",2),
  ("/Images/Men/Clothes/조거/4/2.png",0,"BAE-0004",2),
  ("/Images/Men/Clothes/조거/4/3.png",0,"BAE-0004",2),
  ("/Images/Men/Clothes/조거/4/4.png",0,"BAE-0004",2),

  ("/Images/Men/Clothes/조거/5/1.png",1,"BAE-0005",2),
  ("/Images/Men/Clothes/조거/5/2.png",0,"BAE-0005",2),
  ("/Images/Men/Clothes/조거/5/3.png",0,"BAE-0005",2),
  ("/Images/Men/Clothes/조거/5/4.png",0,"BAE-0005",2),





  ("/Images/Women/Clothes/그래픽티/1/1.png",1,"BBA-0001",2),
  ("/Images/Women/Clothes/그래픽티/1/2.png",0,"BBA-0001",2),
  ("/Images/Women/Clothes/그래픽티/1/3.png",0,"BBA-0001",2),
  ("/Images/Women/Clothes/그래픽티/1/4.png",0,"BBA-0001",2),

  ("/Images/Women/Clothes/그래픽티/2/1.png",1,"BBA-0002",2),
  ("/Images/Women/Clothes/그래픽티/2/2.png",0,"BBA-0002",2),
  ("/Images/Women/Clothes/그래픽티/2/3.png",0,"BBA-0002",2),
  ("/Images/Women/Clothes/그래픽티/2/4.png",0,"BBA-0002",2),

  ("/Images/Women/Clothes/그래픽티/3/1.png",1,"BBA-0003",2),
  ("/Images/Women/Clothes/그래픽티/3/2.png",0,"BBA-0003",2),
  ("/Images/Women/Clothes/그래픽티/3/3.png",0,"BBA-0003",2),
  ("/Images/Women/Clothes/그래픽티/3/4.png",0,"BBA-0003",2),

  ("/Images/Women/Clothes/그래픽티/4/1.png",1,"BBA-0004",2),
  ("/Images/Women/Clothes/그래픽티/4/2.png",0,"BBA-0004",2),
  ("/Images/Women/Clothes/그래픽티/4/3.png",0,"BBA-0004",2),
  ("/Images/Women/Clothes/그래픽티/4/4.png",0,"BBA-0004",2),

  ("/Images/Women/Clothes/그래픽티/5/1.png",1,"BBA-0005",2),
  ("/Images/Women/Clothes/그래픽티/5/2.png",0,"BBA-0005",2),
  ("/Images/Women/Clothes/그래픽티/5/3.png",0,"BBA-0005",2),
  ("/Images/Women/Clothes/그래픽티/5/4.png",0,"BBA-0005",2),

  ("/Images/Women/Clothes/그래픽티/6/1.png",1,"BBA-0006",2),
  ("/Images/Women/Clothes/그래픽티/6/2.png",0,"BBA-0006",2),
  ("/Images/Women/Clothes/그래픽티/6/3.png",0,"BBA-0006",2),
  ("/Images/Women/Clothes/그래픽티/6/4.png",0,"BBA-0006",2),

  
  ("/Images/Women/Clothes/베이스레이어상의/1/1.png",1,"BBB-0001",2),
  ("/Images/Women/Clothes/베이스레이어상의/1/2.png",0,"BBB-0001",2),
  ("/Images/Women/Clothes/베이스레이어상의/1/3.png",0,"BBB-0001",2),
  ("/Images/Women/Clothes/베이스레이어상의/1/4.png",0,"BBB-0001",2),
    

  ("/Images/Women/Clothes/베이스레이어하의/1/1.png",1,"BBC-0001",2),
  ("/Images/Women/Clothes/베이스레이어하의/1/2.png",0,"BBC-0001",2),
  ("/Images/Women/Clothes/베이스레이어하의/1/3.png",0,"BBC-0001",2),
  ("/Images/Women/Clothes/베이스레이어하의/1/4.png",0,"BBC-0001",2), 


  ("/Images/Women/Clothes/저지/1/1.png",1,"BBD-0001",2),
  ("/Images/Women/Clothes/저지/1/2.png",0,"BBD-0001",2),
  ("/Images/Women/Clothes/저지/1/3.png",0,"BBD-0001",2),
  ("/Images/Women/Clothes/저지/1/4.png",0,"BBD-0001",2), 

  ("/Images/Women/Clothes/저지/2/1.png",1,"BBD-0002",2),
  ("/Images/Women/Clothes/저지/2/2.png",0,"BBD-0002",2),
  ("/Images/Women/Clothes/저지/2/3.png",0,"BBD-0002",2),
  ("/Images/Women/Clothes/저지/2/4.png",0,"BBD-0002",2), 


  ("/Images/Women/Clothes/조거/1/1.png",1,"BBE-0001",2),
  ("/Images/Women/Clothes/조거/1/2.png",0,"BBE-0001",2),
  ("/Images/Women/Clothes/조거/1/3.png",0,"BBE-0001",2),
  ("/Images/Women/Clothes/조거/1/4.png",0,"BBE-0001",2), 

  ("/Images/Women/Clothes/조거/2/1.png",1,"BBE-0002",2),
  ("/Images/Women/Clothes/조거/2/2.png",0,"BBE-0002",2),
  ("/Images/Women/Clothes/조거/2/3.png",0,"BBE-0002",2),
  ("/Images/Women/Clothes/조거/2/4.png",0,"BBE-0002",2), 

  ("/Images/Women/Clothes/조거/3/1.png",1,"BBE-0003",2),
  ("/Images/Women/Clothes/조거/3/2.png",0,"BBE-0003",2),
  ("/Images/Women/Clothes/조거/3/3.png",0,"BBE-0003",2),
  ("/Images/Women/Clothes/조거/3/4.png",0,"BBE-0003",2), 

  ("/Images/Women/Clothes/조거/4/1.png",1,"BBE-0004",2),
  ("/Images/Women/Clothes/조거/4/2.png",0,"BBE-0004",2),
  ("/Images/Women/Clothes/조거/4/3.png",0,"BBE-0004",2),
  ("/Images/Women/Clothes/조거/4/4.png",0,"BBE-0004",2), 


  ("/Images/Kids/Clothes/그래픽티/1/1.png",1,"BCA-0001",2),
  ("/Images/Kids/Clothes/그래픽티/1/2.png",0,"BCA-0001",2),
  ("/Images/Kids/Clothes/그래픽티/1/3.png",0,"BCA-0001",2),
  ("/Images/Kids/Clothes/그래픽티/1/4.png",0,"BCA-0001",2), 

  ("/Images/Kids/Clothes/그래픽티/2/1.png",1,"BCA-0002",2),
  ("/Images/Kids/Clothes/그래픽티/2/2.png",0,"BCA-0002",2),
  ("/Images/Kids/Clothes/그래픽티/2/3.png",0,"BCA-0002",2),
  ("/Images/Kids/Clothes/그래픽티/2/4.png",0,"BCA-0002",2), 

  ("/Images/Kids/Clothes/그래픽티/3/1.png",1,"BCA-0003",2),
  ("/Images/Kids/Clothes/그래픽티/3/2.png",0,"BCA-0003",2),
  ("/Images/Kids/Clothes/그래픽티/3/3.png",0,"BCA-0003",2),
  ("/Images/Kids/Clothes/그래픽티/3/4.png",0,"BCA-0003",2), 

  ("/Images/Kids/Clothes/그래픽티/4/1.png",1,"BCA-0004",2),
  ("/Images/Kids/Clothes/그래픽티/4/2.png",0,"BCA-0004",2),
  ("/Images/Kids/Clothes/그래픽티/4/3.png",0,"BCA-0004",2),
  ("/Images/Kids/Clothes/그래픽티/4/4.png",0,"BCA-0004",2), 


  ("/Images/Kids/Clothes/베이스레이어상의/1/1.png",1,"BCB-0001",2),
  ("/Images/Kids/Clothes/베이스레이어상의/1/2.png",0,"BCB-0001",2),
  ("/Images/Kids/Clothes/베이스레이어상의/1/3.png",0,"BCB-0001",2),
  ("/Images/Kids/Clothes/베이스레이어상의/1/4.png",0,"BCB-0001",2), 


  ("/Images/Kids/Clothes/베이스레이어하의/1/1.png",1,"BCC-0001",2),
  ("/Images/Kids/Clothes/베이스레이어하의/1/2.png",0,"BCC-0001",2),
  ("/Images/Kids/Clothes/베이스레이어하의/1/3.png",0,"BCC-0001",2),
  ("/Images/Kids/Clothes/베이스레이어하의/1/4.png",0,"BCC-0001",2), 


  ("/Images/Kids/Clothes/저지/1/1.png",1,"BCD-0001",2),
  ("/Images/Kids/Clothes/저지/1/2.png",0,"BCD-0001",2),
  ("/Images/Kids/Clothes/저지/1/3.png",0,"BCD-0001",2),
  ("/Images/Kids/Clothes/저지/1/4.png",0,"BCD-0001",2), 

  ("/Images/Kids/Clothes/저지/2/1.png",1,"BCD-0002",2),
  ("/Images/Kids/Clothes/저지/2/2.png",0,"BCD-0002",2),
  ("/Images/Kids/Clothes/저지/2/3.png",0,"BCD-0002",2),
  ("/Images/Kids/Clothes/저지/2/4.png",0,"BCD-0002",2), 

  ("/Images/Kids/Clothes/저지/3/1.png",1,"BCD-0003",2),
  ("/Images/Kids/Clothes/저지/3/2.png",0,"BCD-0003",2),
  ("/Images/Kids/Clothes/저지/3/3.png",0,"BCD-0003",2),
  ("/Images/Kids/Clothes/저지/3/4.png",0,"BCD-0003",2);

insert into
product_img_urls
(name, is_main, style_code, category_id)
values
("/Images/Men/Accessories/Bag/1/1-1.png",1,"CAA-0001",3),
("/Images/Men/Accessories/Bag/1/1-2.png",0,"CAA-0001",3),
("/Images/Men/Accessories/Bag/2/2-1.png",1,"CAA-0002",3),
("/Images/Men/Accessories/Bag/2/2-2.png",0,"CAA-0002",3),
("/Images/Men/Accessories/Bag/3/3-1.png",1,"CAA-0003",3),
("/Images/Men/Accessories/Bag/3/3-2.png",0,"CAA-0003",3),

("/Images/Men/Accessories/Cap/1/1-1.png",1,"CAB-0001",3),
("/Images/Men/Accessories/Cap/1/1-2.png",0,"CAB-0001",3),
("/Images/Men/Accessories/Cap/2/2-1.png",1,"CAB-0002",3),
("/Images/Men/Accessories/Cap/2/2-2.png",0,"CAB-0002",3),
("/Images/Men/Accessories/Cap/3/3-1.png",1,"CAB-0003",3),
("/Images/Men/Accessories/Cap/3/3-2.png",0,"CAB-0003",3),

("/Images/Men/Accessories/Gloves/1/1-1.png",1,"CAC-0001",3),
("/Images/Men/Accessories/Gloves/1/1-2.png",0,"CAC-0001",3),
("/Images/Men/Accessories/Gloves/2/2-1.png",1,"CAC-0002",3),
("/Images/Men/Accessories/Gloves/2/2-2.png",0,"CAC-0002",3),
("/Images/Men/Accessories/Gloves/3/3-1.png",1,"CAC-0003",3),
("/Images/Men/Accessories/Gloves/3/3-2.png",0,"CAC-0003",3),

("/Images/Women/Accessories/Bag/1/1-1.png",1,"CBA-0001",3),
("/Images/Women/Accessories/Bag/1/1-2.png",0,"CBA-0001",3),
("/Images/Women/Accessories/Bag/2/2-1.png",1,"CBA-0002",3),
("/Images/Women/Accessories/Bag/2/2-2.png",0,"CBA-0002",3),
("/Images/Women/Accessories/Bag/3/3-1.png",1,"CBA-0003",3),
("/Images/Women/Accessories/Bag/3/3-2.png",0,"CBA-0003",3),

("/Images/Women/Accessories/Cap/1/1-1.png",1,"CBB-0001",3),
("/Images/Women/Accessories/Cap/1/1-2.png",0,"CBB-0001",3),
("/Images/Women/Accessories/Cap/2/2-1.png",1,"CBB-0002",3),
("/Images/Women/Accessories/Cap/2/2-2.png",0,"CBB-0002",3),
("/Images/Women/Accessories/Cap/3/3-1.png",1,"CBB-0003",3),
("/Images/Women/Accessories/Cap/3/3-2.png",0,"CBB-0003",3),

("/Images/Women/Accessories/Gloves/1/1-1.png",1,"CBC-0001",3),
("/Images/Women/Accessories/Gloves/1/1-2.png",0,"CBC-0001",3),
("/Images/Women/Accessories/Gloves/2/2-1.png",1,"CBC-0002",3),
("/Images/Women/Accessories/Gloves/2/2-2.png",0,"CBC-0002",3),
("/Images/Women/Accessories/Gloves/3/3-1.png",1,"CBC-0003",3),
("/Images/Women/Accessories/Gloves/3/3-2.png",0,"CBC-0003",3),

("/Images/Kids/Accessories/Bag/1/1-1.png",1,"CCA-0001",3),
("/Images/Kids/Accessories/Bag/1/1-2.png",0,"CCA-0001",3),
("/Images/Kids/Accessories/Bag/2/2-1.png",1,"CCA-0002",3),
("/Images/Kids/Accessories/Bag/2/2-2.png",0,"CCA-0002",3),
("/Images/Kids/Accessories/Bag/3/3-1.png",1,"CCA-0003",3),
("/Images/Kids/Accessories/Bag/3/3-2.png",0,"CCA-0003",3),

("/Images/Kids/Accessories/Cap/1/1-1.png",1,"CCB-0001",3),
("/Images/Kids/Accessories/Cap/1/1-2.png",0,"CCB-0001",3),
("/Images/Kids/Accessories/Cap/2/2-1.png",1,"CCB-0002",3),
("/Images/Kids/Accessories/Cap/2/2-2.png",0,"CCB-0002",3),
("/Images/Kids/Accessories/Cap/3/3-1.png",1,"CCB-0003",3),
("/Images/Kids/Accessories/Cap/3/3-2.png",0,"CCB-0003",3),

("/Images/Kids/Accessories/Gloves/1/1-1.png",1,"CCC-0001",3),
("/Images/Kids/Accessories/Gloves/1/1-2.png",0,"CCC-0001",3),
("/Images/Kids/Accessories/Gloves/2/2-1.png",1,"CCC-0002",3),
("/Images/Kids/Accessories/Gloves/2/2-2.png",0,"CCC-0002",3);


INSERT INTO 
  snkrs_img_urls (name,is_main,style_code,category_id)
VALUES
  ("/Images/SNKRS/1/1.png",1,"DAA-0001",4),
  ("/Images/SNKRS/1/2.png",0,"DAA-0001",4),
  ("/Images/SNKRS/1/3.png",0,"DAA-0001",4),
  ("/Images/SNKRS/1/4.png",0,"DAA-0001",4),

  ("/Images/SNKRS/2/1.png",1,"DAA-0002",4),
  ("/Images/SNKRS/2/2.png",0,"DAA-0002",4),
  ("/Images/SNKRS/2/3.png",0,"DAA-0002",4),
  ("/Images/SNKRS/2/4.png",0,"DAA-0002",4),

  ("/Images/SNKRS/3/1.png",1,"DAA-0003",4),
  ("/Images/SNKRS/3/2.png",0,"DAA-0003",4),
  ("/Images/SNKRS/3/3.png",0,"DAA-0003",4),
  ("/Images/SNKRS/3/4.png",0,"DAA-0003",4),
  
  ("/Images/SNKRS/4/1.png",1,"DAA-0004",4),
  ("/Images/SNKRS/4/2.png",0,"DAA-0004",4),
  ("/Images/SNKRS/4/3.png",0,"DAA-0004",4),
  ("/Images/SNKRS/4/4.png",0,"DAA-0004",4);
